
=== RUN CONFIG A ===
Updated 0 paths from the index
--- Iteration 1 of config A ---


=== RUNNING SCENARIO: A-1 ===
Killing old servers on 3001...
kill: usage: kill [-s sigspec | -n signum | -sigspec] pid | jobspec ... or kill -l [sigspec]
Building...

> kravy-pos@0.1.0 build
> prisma generate && next build

Environment variables loaded from .env
Prisma schema loaded from prisma/schema.prisma

✔ Generated Prisma Client (v6.1.0) to ./node_modules/@prisma/client in 1.04s

Start by importing your Prisma Client (See: https://pris.ly/d/importing-client)

Tip: Need your database queries to be 1000x faster? Accelerate offers you that and more: https://pris.ly/tip-2-accelerate

   ▲ Next.js 15.3.8
   - Environments: .env

   Creating an optimized production build ...
 ✓ Compiled successfully in 51s
   Skipping validation of types
   Skipping linting
   Collecting page data ...
   Generating static pages (0/224) ...
   Generating static pages (56/224) 
   Generating static pages (112/224) 
   Generating static pages (168/224) 
 ✓ Generating static pages (224/224)
   Finalizing page optimization ...
   Collecting build traces ...

Route (app)                                               Size  First Load JS
┌ ƒ /                                                    190 B         111 kB
├ ○ /_not-found                                          990 B         103 kB
├ ○ /admin/activity                                    7.65 kB         159 kB
├ ○ /admin/dashboard                                   13.1 kB         262 kB
├ ○ /admin/docs/architecture                           5.16 kB         151 kB
├ ○ /admin/merchants                                   5.46 kB         160 kB
├ ƒ /admin/merchants/[id]                              5.24 kB         266 kB
├ ○ /admin/onboarding                                  2.95 kB         154 kB
├ ○ /admin/onboarding-custom                            3.2 kB         154 kB
├ ○ /admin/users                                       7.31 kB         159 kB
├ ƒ /admin/users/[id]                                  13.1 kB         163 kB
├ ○ /admin/users/create                                1.32 kB         103 kB
├ ○ /admin/users/docs                                    188 B         106 kB
├ ○ /admin/users/roles                                 3.28 kB         114 kB
├ ƒ /api/activity/list                                   563 B         103 kB
├ ƒ /api/activity/log                                    563 B         103 kB
├ ƒ /api/admin                                           563 B         103 kB
├ ƒ /api/admin/activity                                  563 B         103 kB
├ ƒ /api/admin/app-settings                              563 B         103 kB
├ ƒ /api/admin/backups                                   563 B         103 kB
├ ƒ /api/admin/backups/collections                       563 B         103 kB
├ ƒ /api/admin/backups/create                            563 B         103 kB
├ ƒ /api/admin/backups/delete                            563 B         103 kB
├ ƒ /api/admin/backups/download                          563 B         103 kB
├ ƒ /api/admin/backups/export                            563 B         103 kB
├ ƒ /api/admin/backups/inspect                           563 B         103 kB
├ ƒ /api/admin/bills/delete-all                          563 B         103 kB
├ ƒ /api/admin/combos                                    563 B         103 kB
├ ƒ /api/admin/combos/[id]                               563 B         103 kB
├ ƒ /api/admin/dashboard-stats                           563 B         103 kB
├ ƒ /api/admin/dashboard-stats/config                    563 B         103 kB
├ ƒ /api/admin/gallery                                   563 B         103 kB
├ ƒ /api/admin/generate-invoice                          563 B         103 kB
├ ƒ /api/admin/manual-invoices                           563 B         103 kB
├ ƒ /api/admin/manual-invoices/[id]                      563 B         103 kB
├ ƒ /api/admin/offers                                    563 B         103 kB
├ ƒ /api/admin/offers/[id]                               563 B         103 kB
├ ƒ /api/admin/onboard                                   563 B         103 kB
├ ƒ /api/admin/onboard-custom                            563 B         103 kB
├ ƒ /api/admin/reports/sellers                           563 B         103 kB
├ ƒ /api/admin/reports/sellers/[id]                      563 B         103 kB
├ ƒ /api/admin/reports/sellers/export                    563 B         103 kB
├ ƒ /api/admin/rewards                                   563 B         103 kB
├ ƒ /api/admin/rewards/[id]                              563 B         103 kB
├ ƒ /api/admin/roles                                     563 B         103 kB
├ ƒ /api/admin/self-promote                              563 B         103 kB
├ ƒ /api/admin/seller-detail                             563 B         103 kB
├ ƒ /api/admin/settings                                  563 B         103 kB
├ ƒ /api/admin/users                                     563 B         103 kB
├ ƒ /api/admin/users/[id]                                563 B         103 kB
├ ƒ /api/admin/users/disable                             563 B         103 kB
├ ƒ /api/admin/users/impersonate                         563 B         103 kB
├ ƒ /api/admin/users/invite                              563 B         103 kB
├ ƒ /api/admin/users/role                                563 B         103 kB
├ ƒ /api/app-version                                     563 B         103 kB
├ ƒ /api/auth/forgot-password                            563 B         103 kB
├ ƒ /api/auth/login                                      563 B         103 kB
├ ƒ /api/auth/logout                                     563 B         103 kB
├ ƒ /api/auth/me                                         563 B         103 kB
├ ƒ /api/auth/refresh-token                              563 B         103 kB
├ ƒ /api/auth/register                                   563 B         103 kB
├ ƒ /api/auth/resend-otp                                 563 B         103 kB
├ ƒ /api/auth/reset-password                             563 B         103 kB
├ ƒ /api/auth/sessions                                   563 B         103 kB
├ ƒ /api/auth/sessions/remove                            563 B         103 kB
├ ƒ /api/auth/sessions/revoke                            563 B         103 kB
├ ƒ /api/auth/sync-user                                  563 B         103 kB
├ ƒ /api/auth/verify-otp                                 563 B         103 kB
├ ƒ /api/backup                                          563 B         103 kB
├ ƒ /api/backup/cron                                     563 B         103 kB
├ ƒ /api/bill-manager                                    563 B         103 kB
├ ƒ /api/bill-manager/[id]                               563 B         103 kB
├ ƒ /api/bill-manager/[id]/hold                          563 B         103 kB
├ ƒ /api/bill-manager/[id]/pay                           563 B         103 kB
├ ƒ /api/bill-manager/[id]/pdf                           563 B         103 kB
├ ƒ /api/bill-manager/deleted/list                       563 B         103 kB
├ ƒ /api/bill-manager/deleted/restore/[id]               563 B         103 kB
├ ƒ /api/bill-manager/export                             563 B         103 kB
├ ƒ /api/categories                                      563 B         103 kB
├ ƒ /api/categories/ensure                               563 B         103 kB
├ ƒ /api/categories/order                                563 B         103 kB
├ ƒ /api/categories/upload                               563 B         103 kB
├ ƒ /api/clerks                                          563 B         103 kB
├ ƒ /api/combos-offers                                   563 B         103 kB
├ ƒ /api/cron/backup                                     563 B         103 kB
├ ƒ /api/dashboard                                       563 B         103 kB
├ ƒ /api/dashboard/business-profile/google-review-url    563 B         103 kB
├ ƒ /api/dashboard/google-review-qr                      563 B         103 kB
├ ƒ /api/dashboard/google-review-qr/import               563 B         103 kB
├ ƒ /api/debug                                           563 B         103 kB
├ ƒ /api/debug-cloudinary                                563 B         103 kB
├ ƒ /api/discounts                                       563 B         103 kB
├ ƒ /api/discounts/[id]                                  563 B         103 kB
├ ƒ /api/expenses                                        563 B         103 kB
├ ƒ /api/expenses/[id]                                   563 B         103 kB
├ ƒ /api/expenses/categories                             563 B         103 kB
├ ƒ /api/expenses/categories/[id]                        563 B         103 kB
├ ƒ /api/external-sales                                  563 B         103 kB
├ ƒ /api/external/menu/[userId]                          563 B         103 kB
├ ƒ /api/external/menu/update/[id]                       563 B         103 kB
├ ƒ /api/external/users                                  563 B         103 kB
├ ƒ /api/fuel-bills                                      563 B         103 kB
├ ƒ /api/gmail/auth                                      563 B         103 kB
├ ƒ /api/gmail/callback                                  563 B         103 kB
├ ƒ /api/gmail/status                                    563 B         103 kB
├ ƒ /api/gmail/sync                                      563 B         103 kB
├ ƒ /api/gmail/test-parse                                563 B         103 kB
├ ƒ /api/inventory                                       563 B         103 kB
├ ƒ /api/inventory/export                                563 B         103 kB
├ ƒ /api/inventory/materials                             563 B         103 kB
├ ƒ /api/inventory/recipes                               563 B         103 kB
├ ƒ /api/invoice/[id]                                    563 B         103 kB
├ ƒ /api/items                                           563 B         103 kB
├ ƒ /api/items/clear-images                              563 B         103 kB
├ ƒ /api/menu-editor/addon-groups                        563 B         103 kB
├ ƒ /api/menu/delete                                     563 B         103 kB
├ ƒ /api/menu/get-keys                                   563 B         103 kB
├ ƒ /api/menu/items                                      563 B         103 kB
├ ƒ /api/menu/post-process                               563 B         103 kB
├ ƒ /api/menu/update                                     563 B         103 kB
├ ƒ /api/menu/upload-ocr                                 563 B         103 kB
├ ƒ /api/menu/view                                       563 B         103 kB
├ ƒ /api/merchant/onboard                                563 B         103 kB
├ ƒ /api/notifications                                   563 B         103 kB
├ ƒ /api/orders                                          563 B         103 kB
├ ƒ /api/orders/[orderId]                                563 B         103 kB
├ ƒ /api/orders/[orderId]/merge-items                    563 B         103 kB
├ ƒ /api/orders/reserve-token                            563 B         103 kB
├ ƒ /api/parties                                         563 B         103 kB
├ ƒ /api/parties/[id]                                    563 B         103 kB
├ ƒ /api/parties/[id]/bills                              563 B         103 kB
├ ƒ /api/payments                                        563 B         103 kB
├ ƒ /api/phonepe/pay                                     563 B         103 kB
├ ƒ /api/phonepe/status/[id]                             563 B         103 kB
├ ƒ /api/phonepe/webhook                                 563 B         103 kB
├ ƒ /api/profile                                         563 B         103 kB
├ ƒ /api/profile/push-token                              563 B         103 kB
├ ƒ /api/profile/zones                                   563 B         103 kB
├ ƒ /api/profiles                                        563 B         103 kB
├ ƒ /api/proxy/google-image-search                       563 B         103 kB
├ ƒ /api/proxy/image-search                              563 B         103 kB
├ ƒ /api/public/gallery/[clerkId]                        563 B         103 kB
├ ƒ /api/public/loyalty                                  563 B         103 kB
├ ƒ /api/public/menu                                     563 B         103 kB
├ ƒ /api/public/menu/[clerkId]                           563 B         103 kB
├ ƒ /api/public/orders                                   563 B         103 kB
├ ƒ /api/public/orders/[orderId]/combined-bill           563 B         103 kB
├ ƒ /api/public/orders/track                             563 B         103 kB
├ ƒ /api/public/pos/[identifier]                         563 B         103 kB
├ ƒ /api/public/profile                                  563 B         103 kB
├ ƒ /api/public/reviews                                  563 B         103 kB
├ ƒ /api/quotation/generate                              563 B         103 kB
├ ƒ /api/reports/gst                                     563 B         103 kB
├ ƒ /api/reports/sales/drilldown                         563 B         103 kB
├ ƒ /api/reports/tokens                                  563 B         103 kB
├ ƒ /api/reviews                                         563 B         103 kB
├ ƒ /api/rooms                                           563 B         103 kB
├ ƒ /api/rooms/bookings                                  563 B         103 kB
├ ƒ /api/search                                          563 B         103 kB
├ ƒ /api/seller/staff                                    563 B         103 kB
├ ƒ /api/staff                                           563 B         103 kB
├ ƒ /api/staff/[id]                                      563 B         103 kB
├ ƒ /api/staff/login                                     563 B         103 kB
├ ƒ /api/staff/logout                                    563 B         103 kB
├ ƒ /api/staff/me                                        563 B         103 kB
├ ƒ /api/staff/refresh-token                             563 B         103 kB
├ ƒ /api/store-items/bulk                                563 B         103 kB
├ ƒ /api/store-items/bulk-update                         563 B         103 kB
├ ƒ /api/subscription/confirm                            563 B         103 kB
├ ƒ /api/tables                                          563 B         103 kB
├ ƒ /api/tables/[id]                                     563 B         103 kB
├ ƒ /api/test_customers                                  563 B         103 kB
├ ƒ /api/test/token-refresh                              563 B         103 kB
├ ƒ /api/update-token                                    563 B         103 kB
├ ƒ /api/upload                                          563 B         103 kB
├ ƒ /api/upload-image                                    563 B         103 kB
├ ƒ /api/upload/image                                    563 B         103 kB
├ ƒ /api/user/activity                                   563 B         103 kB
├ ƒ /api/user/identifiers                                563 B         103 kB
├ ƒ /api/user/me                                         563 B         103 kB
├ ƒ /api/user/preferences                                563 B         103 kB
├ ƒ /api/user/sync                                       563 B         103 kB
├ ƒ /api/wallet                                          563 B         103 kB
├ ƒ /api/wallet/history/[partyId]                        563 B         103 kB
├ ƒ /api/whatsapp/send-bill                              563 B         103 kB
├ ○ /auth/custom                                       5.18 kB         116 kB
├ ○ /checkout                                          20.4 kB         133 kB
├ ƒ /dashboard                                         15.9 kB         295 kB
├ ○ /dashboard/admin/app-settings                      2.59 kB         105 kB
├ ○ /dashboard/admin/invoice-generator                 12.9 kB         115 kB
├ ○ /dashboard/admin/qr-manager                        33.8 kB         346 kB
├ ○ /dashboard/admin/website-qr                        4.73 kB         128 kB
├ ○ /dashboard/ai-scraper                              11.1 kB         153 kB
├ ○ /dashboard/auto-apply                                10 kB         255 kB
├ ○ /dashboard/backup                                  8.47 kB         151 kB
├ ○ /dashboard/billing                                 21.3 kB         173 kB
├ ƒ /dashboard/billing/[id]                            9.54 kB         139 kB
├ ○ /dashboard/billing/checkout                        38.5 kB         232 kB
├ ○ /dashboard/billing/deleted                         4.46 kB         150 kB
├ ○ /dashboard/combos                                  9.52 kB         185 kB
├ ○ /dashboard/discounts                               8.74 kB         160 kB
├ ○ /dashboard/docs/auto-backup                        8.63 kB         151 kB
├ ○ /dashboard/docs/gst-billing                         4.7 kB         147 kB
├ ○ /dashboard/docs/gst-category-pro                   4.06 kB         146 kB
├ ○ /dashboard/docs/menu-management                    4.89 kB         150 kB
├ ○ /dashboard/docs/staff-access                       5.44 kB         147 kB
├ ○ /dashboard/docs/staff-access/interactive             10 kB         152 kB
├ ○ /dashboard/docs/workflow                              9 kB         151 kB
├ ○ /dashboard/expenses                                8.17 kB         164 kB
├ ○ /dashboard/expenses/pnl                            6.04 kB         266 kB
├ ○ /dashboard/expenses/reports                        7.65 kB         274 kB
├ ○ /dashboard/fuel                                    11.5 kB         160 kB
├ ○ /dashboard/gallery                                  6.9 kB         161 kB
├ ○ /dashboard/help                                    5.15 kB         111 kB
├ ○ /dashboard/integration/gmail                       12.6 kB         155 kB
├ ○ /dashboard/inventory                                 30 kB         178 kB
├ ○ /dashboard/inventory/reports                       4.64 kB         113 kB
├ ○ /dashboard/kitchen                                 18.8 kB         209 kB
├ ƒ /dashboard/menu-editor                             11.2 kB         170 kB
├ ○ /dashboard/menu/addons                             10.6 kB         162 kB
├ ○ /dashboard/menu/edit                               6.78 kB         172 kB
├ ○ /dashboard/menu/pdf                                9.66 kB         118 kB
├ ○ /dashboard/menu/upload                             10.8 kB         166 kB
├ ○ /dashboard/menu/view                               27.5 kB         186 kB
├ ○ /dashboard/offers                                  9.65 kB         188 kB
├ ○ /dashboard/offers/generator                        11.3 kB         143 kB
├ ○ /dashboard/offers/reviews                          10.3 kB         148 kB
├ ○ /dashboard/parties                                 15.7 kB         164 kB
├ ○ /dashboard/parties/add                               909 B         103 kB
├ ○ /dashboard/profile                                 7.92 kB         242 kB
├ ○ /dashboard/profile/create                            934 B         186 kB
├ ƒ /dashboard/profile/edit                              941 B         186 kB
├ ○ /dashboard/qr-management                           17.7 kB         201 kB
├ ƒ /dashboard/qr-management/print/[id]                3.83 kB         123 kB
├ ○ /dashboard/qr-orders                               8.32 kB         134 kB
├ ○ /dashboard/quotation                               10.3 kB         112 kB
├ ƒ /dashboard/reports/analytics                       2.27 kB         171 kB
├ ƒ /dashboard/reports/analytics/order-type            4.68 kB         264 kB
├ ƒ /dashboard/reports/bills                           2.27 kB         171 kB
├ ƒ /dashboard/reports/customers                         188 B         106 kB
├ ○ /dashboard/reports/gst                             13.9 kB         212 kB
├ ○ /dashboard/reports/gst/dashboard                   11.5 kB         311 kB
├ ƒ /dashboard/reports/items                           4.76 kB         173 kB
├ ƒ /dashboard/reports/payments                        2.27 kB         171 kB
├ ƒ /dashboard/reports/payments/cash                   2.27 kB         171 kB
├ ƒ /dashboard/reports/payments/upi                    2.27 kB         171 kB
├ ƒ /dashboard/reports/performance                       188 B         106 kB
├ ƒ /dashboard/reports/sales/daily                       366 B         156 kB
├ ƒ /dashboard/reports/sales/drilldown                 11.5 kB         204 kB
├ ƒ /dashboard/reports/sales/monthly                     366 B         156 kB
├ ƒ /dashboard/reports/sales/revenue                   2.27 kB         171 kB
├ ƒ /dashboard/reports/sales/weekly                      188 B         106 kB
├ ○ /dashboard/reports/tokens                          9.67 kB         152 kB
├ ƒ /dashboard/reports/unpaid                          18.1 kB         201 kB
├ ƒ /dashboard/reports/wallet-deposits                 13.5 kB         156 kB
├ ○ /dashboard/rewards                                 7.43 kB         183 kB
├ ○ /dashboard/rooms                                   9.36 kB         158 kB
├ ○ /dashboard/rooms/reports                           4.51 kB         110 kB
├ ○ /dashboard/security                                4.06 kB         106 kB
├ ○ /dashboard/settings                                5.07 kB         150 kB
├ ○ /dashboard/settings/account                        11.8 kB         154 kB
├ ○ /dashboard/settings/activity                         777 B         103 kB
├ ○ /dashboard/settings/activity/admin                   768 B         103 kB
├ ○ /dashboard/settings/advanced                       4.17 kB         112 kB
├ ○ /dashboard/settings/backup                         9.22 kB         111 kB
├ ○ /dashboard/settings/customer                       11.6 kB         117 kB
├ ○ /dashboard/settings/inventory                      8.53 kB         154 kB
├ ○ /dashboard/settings/loyalty                        6.85 kB         118 kB
├ ○ /dashboard/settings/notifications                  9.79 kB         115 kB
├ ○ /dashboard/settings/pos                            10.9 kB         116 kB
├ ○ /dashboard/settings/printing                       14.6 kB         181 kB
├ ○ /dashboard/settings/sessions                       5.19 kB         123 kB
├ ○ /dashboard/settings/sidebar                        6.89 kB         120 kB
├ ○ /dashboard/settings/tax                            9.13 kB         158 kB
├ ○ /dashboard/staff                                   15.2 kB         157 kB
├ ○ /dashboard/store-item-upload                       17.8 kB         160 kB
├ ○ /dashboard/tables                                  11.2 kB         180 kB
├ ○ /dashboard/terminal                                  26 kB         219 kB
├ ○ /dashboard/workflow                                  25 kB         193 kB
├ ○ /deleted-bills                                     3.63 kB         146 kB
├ ○ /demo                                              8.55 kB         151 kB
├ ƒ /menu/[clerkId]                                    34.2 kB         194 kB
├ ƒ /order-tracking/[orderId]                          14.3 kB         174 kB
├ ƒ /payment/result/[id]                               3.21 kB         149 kB
├ ƒ /public/ledger/[partyId]                             563 B         103 kB
├ ○ /qr-menu                                           8.57 kB         180 kB
├ ƒ /qr/[code]                                           563 B         103 kB
├ ƒ /review/[orderId]                                  7.06 kB         127 kB
├ ○ /staff/login                                          8 kB         150 kB
├ ○ /store-item-upload                                   563 B         103 kB
├ ○ /test/qz                                           2.96 kB         114 kB
├ ○ /track                                             6.32 kB         157 kB
└ ○ /upgrade                                           4.69 kB         150 kB
+ First Load JS shared by all                           102 kB
  ├ chunks/1684-23dc285c52887576.js                    46.6 kB
  ├ chunks/4bd1b696-e71b66d225d8e45f.js                53.2 kB
  └ other shared chunks (total)                        2.18 kB


ƒ Middleware                                           31.7 kB

○  (Static)   prerendered as static content
ƒ  (Dynamic)  server-rendered on demand

Starting Server...
Running Playwright Benchmark...
=== STRICT BENCHMARK: A-1 ===
Running iteration 1...
Navigating to page...
>> GET http://localhost:3001/dashboard/menu/view
>> GET http://localhost:3001/_next/static/media/e4af272ccee01ff0-s.p.woff2
>> GET http://localhost:3001/_next/static/css/45079e0a57e524ee.css
>> GET http://localhost:3001/_next/static/css/47f3de3c41ad536b.css
>> GET http://localhost:3001/_next/static/css/3af04494612e9fab.css
>> GET http://localhost:3001/_next/static/chunks/webpack-6fc1f9282f6d0e53.js
>> GET http://localhost:3001/_next/static/chunks/4bd1b696-e71b66d225d8e45f.js
>> GET http://localhost:3001/_next/static/chunks/1684-23dc285c52887576.js
>> GET http://localhost:3001/_next/static/chunks/main-app-15f8366be760b6fd.js
>> GET http://localhost:3001/_next/static/chunks/4521-3ce0632c81905e73.js
>> GET http://localhost:3001/_next/static/chunks/6671-2c59fdb17d65f45d.js
>> GET http://localhost:3001/_next/static/chunks/app/layout-c61016ad7b8a610f.js
>> GET http://localhost:3001/_next/static/chunks/app/error-b72f84e42a584e31.js
>> GET http://localhost:3001/_next/static/chunks/4493-56a77b934a3f9e02.js
>> GET http://localhost:3001/_next/static/chunks/5430-2533ed21105f9380.js
>> GET http://localhost:3001/_next/static/chunks/1906-df48f4ff2ab5abdc.js
>> GET http://localhost:3001/_next/static/chunks/6996-2ef1a0a1a25bc150.js
>> GET http://localhost:3001/_next/static/chunks/980-5d9864478dbc009e.js
>> GET http://localhost:3001/_next/static/chunks/2609-807dfa739acc9e04.js
>> GET http://localhost:3001/_next/static/chunks/app/dashboard/layout-80035c79d0c13dbf.js
>> GET http://localhost:3001/_next/static/chunks/2010-72b0f30111c46eb2.js
>> GET http://localhost:3001/_next/static/chunks/3063-204cbd4bc32934ab.js
>> GET http://localhost:3001/_next/static/chunks/4244-bf9ae61a055766c4.js
>> GET http://localhost:3001/_next/static/chunks/5059-26a1e9826782b476.js
>> GET http://localhost:3001/_next/static/chunks/app/dashboard/menu/view/page-97fa30a3743f2f0d.js
>> GET http://localhost:3001/_next/static/chunks/app/global-error-07379679dbd81aac.js
Waiting for list to render...
>> GET http://localhost:3001/api/user/me
>> GET http://localhost:3001/api/user/me
>> GET http://localhost:3001/api/notifications
>> GET http://localhost:3001/api/profile
>> GET http://localhost:3001/api/user/me
>> GET http://localhost:3001/api/profile
>> GET http://localhost:3001/api/menu-editor/addon-groups
>> GET http://localhost:3001/api/menu/view?t=1789451938814
[MOCK] Intercepted /api/menu/view
>> GET http://localhost:3001/api/categories?t=1789451938814
>> GET http://localhost:3001/api/profile/zones
>> GET http://localhost:3001/api/profile
>> GET http://localhost:3001/kravylogo.png
CONSOLE: Failed to load resource: the server responded with a status of 401 (Unauthorized)
CONSOLE ERROR: Failed to load resource: the server responded with a status of 401 (Unauthorized)
>> POST http://localhost:3001/api/auth/refresh-token
>> GET http://localhost:3001/_next/static/media/8e9860b6e62d6359-s.woff2
CONSOLE: Failed to load resource: the server responded with a status of 401 (Unauthorized)
CONSOLE ERROR: Failed to load resource: the server responded with a status of 401 (Unauthorized)
CONSOLE: [Auth] Custom token refresh failed (401): {"success":false,"message":"No refresh token provided"}
CONSOLE: [Auth] Custom token refresh failed (401): {"success":false,"message":"No refresh token provided"}
>> POST http://localhost:3001/api/staff/refresh-token
CONSOLE: Failed to load resource: the server responded with a status of 401 (Unauthorized)
CONSOLE ERROR: Failed to load resource: the server responded with a status of 401 (Unauthorized)
CONSOLE: [Auth] Staff token refresh failed (401): {"success":false,"message":"No refresh token provided"}
CONSOLE: [Auth] Staff token refresh failed (401): {"success":false,"message":"No refresh token provided"}
>> POST http://localhost:3001/api/auth/logout
>> GET http://localhost:3001/auth/custom?error=session_expired
>> GET http://localhost:3001/_next/static/media/e4af272ccee01ff0-s.p.woff2
>> GET http://localhost:3001/_next/static/css/45079e0a57e524ee.css
>> GET http://localhost:3001/_next/static/css/47f3de3c41ad536b.css
>> GET http://localhost:3001/_next/static/chunks/webpack-6fc1f9282f6d0e53.js
>> GET http://localhost:3001/_next/static/chunks/4bd1b696-e71b66d225d8e45f.js
>> GET http://localhost:3001/_next/static/chunks/1684-23dc285c52887576.js
>> GET http://localhost:3001/_next/static/chunks/main-app-15f8366be760b6fd.js
>> GET http://localhost:3001/_next/static/chunks/4521-3ce0632c81905e73.js
>> GET http://localhost:3001/_next/static/chunks/6671-2c59fdb17d65f45d.js
>> GET http://localhost:3001/_next/static/chunks/app/layout-c61016ad7b8a610f.js
>> GET http://localhost:3001/_next/static/chunks/app/error-b72f84e42a584e31.js
>> GET http://localhost:3001/_next/static/chunks/app/auth/custom/page-96d15ebe4a5fa9a3.js
>> GET http://localhost:3001/_next/static/chunks/app/global-error-07379679dbd81aac.js
Failed to render initial state.
<!DOCTYPE html><html lang="en" class="__variable_472ac2 h-full"><head><meta charset="utf-8"><meta name="viewport" content="width=device-width, initial-scale=1"><link rel="preload" href="/_next/static/media/e4af272ccee01ff0-s.p.woff2" as="font" crossorigin="" type="font/woff2"><link rel="stylesheet" href="/_next/static/css/45079e0a57e524ee.css" data-precedence="next"><link rel="stylesheet" href="/_next/static/css/47f3de3c41ad536b.css" data-precedence="next"><link rel="preload" as="script" fetchpriority="low" href="/_next/static/chunks/webpack-6fc1f9282f6d0e53.js"><script src="/_next/static/chunks/4bd1b696-e71b66d225d8e45f.js" async=""></script><script src="/_next/static/chunks/1684-23dc285c52887576.js" async=""></script><script src="/_next/static/chunks/main-app-15f8366be760b6fd.js" async=""></script><meta name="next-size-adjust" content=""><meta name="theme-color" content="#FF6B35"><title>KravyPOS — Smart Billing System</title><meta name="description" content="Modern point-of-sale and billing system for restaurants and retail"><meta name="application-name" content="KravyPOS"><meta name="mobile-web-app-capable" content="yes"><meta name="apple-mobile-web-app-title" content="KravyPOS"><meta name="apple-mobile-web-app-status-bar-style" content="default"><link rel="shortcut icon" href="/favicon.ico"><link rel="icon" href="/favicon.ico" type="image/x-icon" sizes="1024x1024"><link rel="icon" href="/favicon.ico"><link rel="apple-touch-icon" href="/favicon.ico"><script>document.querySelectorAll('body link[rel="icon"], body link[rel="apple-touch-icon"]').forEach(el => document.head.appendChild(el))</script><script src="/_next/static/chunks/polyfills-42372ed130431b0a.js" nomodule=""></script><style type="text/css">[data-sonner-toaster][dir=ltr],html[dir=ltr]{--toast-icon-margin-start:-3px;--toast-icon-margin-end:4px;--toast-svg-margin-start:-1px;--toast-svg-margin-end:0px;--toast-button-margin-start:auto;--toast-button-margin-end:0;--toast-close-button-start:0;--toast-close-button-end:unset;--toast-close-button-transform:translate(-35%, -35%)}[data-sonner-toaster][dir=rtl],html[dir=rtl]{--toast-icon-margin-start:4px;--toast-icon-margin-end:-3px;--toast-svg-margin-start:0px;--toast-svg-margin-end:-1px;--toast-button-margin-start:0;--toast-button-margin-end:auto;--toast-close-button-start:unset;--toast-close-button-end:0;--toast-close-button-transform:translate(35%, -35%)}[data-sonner-toaster]{position:fixed;width:var(--width);font-family:ui-sans-serif,system-ui,-apple-system,BlinkMacSystemFont,Segoe UI,Roboto,Helvetica Neue,Arial,Noto Sans,sans-serif,Apple Color Emoji,Segoe UI Emoji,Segoe UI Symbol,Noto Color Emoji;--gray1:hsl(0, 0%, 99%);--gray2:hsl(0, 0%, 97.3%);--gray3:hsl(0, 0%, 95.1%);--gray4:hsl(0, 0%, 93%);--gray5:hsl(0, 0%, 90.9%);--gray6:hsl(0, 0%, 88.7%);--gray7:hsl(0, 0%, 85.8%);--gray8:hsl(0, 0%, 78%);--gray9:hsl(0, 0%, 56.1%);--gray10:hsl(0, 0%, 52.3%);--gray11:hsl(0, 0%, 43.5%);--gray12:hsl(0, 0%, 9%);--border-radius:8px;box-sizing:border-box;padding:0;margin:0;list-style:none;outline:0;z-index:999999999;transition:transform .4s ease}@media (hover:none) and (pointer:coarse){[data-sonner-toaster][data-lifted=true]{transform:none}}[data-sonner-toaster][data-x-position=right]{right:var(--offset-right)}[data-sonner-toaster][data-x-position=left]{left:var(--offset-left)}[data-sonner-toaster][data-x-position=center]{left:50%;transform:translateX(-50%)}[data-sonner-toaster][data-y-position=top]{top:var(--offset-top)}[data-sonner-toaster][data-y-position=bottom]{bottom:var(--offset-bottom)}[data-sonner-toast]{--y:translateY(100%);--lift-amount:calc(var(--lift) * var(--gap));z-index:var(--z-index);position:absolute;opacity:0;transform:var(--y);touch-action:none;transition:transform .4s,opacity .4s,height .4s,box-shadow .2s;box-sizing:border-box;outline:0;overflow-wrap:anywhere}[data-sonner-toast][data-styled=true]{padding:16px;background:var(--normal-bg);border:1px solid var(--normal-border);color:var(--normal-text);border-radius:var(--border-radius);box-shadow:0 4px 12px rgba(0,0,0,.1);width:var(--width);font-size:13px;display:flex;align-items:center;gap:6px}[data-sonner-toast]:focus-visible{box-shadow:0 4px 12px rgba(0,0,0,.1),0 0 0 2px rgba(0,0,0,.2)}[data-sonner-toast][data-y-position=top]{top:0;--y:translateY(-100%);--lift:1;--lift-amount:calc(1 * var(--gap))}[data-sonner-toast][data-y-position=bottom]{bottom:0;--y:translateY(100%);--lift:-1;--lift-amount:calc(var(--lift) * var(--gap))}[data-sonner-toast][data-styled=true] [data-description]{font-weight:400;line-height:1.4;color:#3f3f3f}[data-rich-colors=true][data-sonner-toast][data-styled=true] [data-description]{color:inherit}[data-sonner-toaster][data-sonner-theme=dark] [data-description]{color:#e8e8e8}[data-sonner-toast][data-styled=true] [data-title]{font-weight:500;line-height:1.5;color:inherit}[data-sonner-toast][data-styled=true] [data-icon]{display:flex;height:16px;width:16px;position:relative;justify-content:flex-start;align-items:center;flex-shrink:0;margin-left:var(--toast-icon-margin-start);margin-right:var(--toast-icon-margin-end)}[data-sonner-toast][data-promise=true] [data-icon]>svg{opacity:0;transform:scale(.8);transform-origin:center;animation:sonner-fade-in .3s ease forwards}[data-sonner-toast][data-styled=true] [data-icon]>*{flex-shrink:0}[data-sonner-toast][data-styled=true] [data-icon] svg{margin-left:var(--toast-svg-margin-start);margin-right:var(--toast-svg-margin-end)}[data-sonner-toast][data-styled=true] [data-content]{display:flex;flex-direction:column;gap:2px}[data-sonner-toast][data-styled=true] [data-button]{border-radius:4px;padding-left:8px;padding-right:8px;height:24px;font-size:12px;color:var(--normal-bg);background:var(--normal-text);margin-left:var(--toast-button-margin-start);margin-right:var(--toast-button-margin-end);border:none;font-weight:500;cursor:pointer;outline:0;display:flex;align-items:center;flex-shrink:0;transition:opacity .4s,box-shadow .2s}[data-sonner-toast][data-styled=true] [data-button]:focus-visible{box-shadow:0 0 0 2px rgba(0,0,0,.4)}[data-sonner-toast][data-styled=true] [data-button]:first-of-type{margin-left:var(--toast-button-margin-start);margin-right:var(--toast-button-margin-end)}[data-sonner-toast][data-styled=true] [data-cancel]{color:var(--normal-text);background:rgba(0,0,0,.08)}[data-sonner-toaster][data-sonner-theme=dark] [data-sonner-toast][data-styled=true] [data-cancel]{background:rgba(255,255,255,.3)}[data-sonner-toast][data-styled=true] [data-close-button]{position:absolute;left:var(--toast-close-button-start);right:var(--toast-close-button-end);top:0;height:20px;width:20px;display:flex;justify-content:center;align-items:center;padding:0;color:var(--gray12);background:var(--normal-bg);border:1px solid var(--gray4);transform:var(--toast-close-button-transform);border-radius:50%;cursor:pointer;z-index:1;transition:opacity .1s,background .2s,border-color .2s}[data-sonner-toast][data-styled=true] [data-close-button]:focus-visible{box-shadow:0 4px 12px rgba(0,0,0,.1),0 0 0 2px rgba(0,0,0,.2)}[data-sonner-toast][data-styled=true] [data-disabled=true]{cursor:not-allowed}[data-sonner-toast][data-styled=true]:hover [data-close-button]:hover{background:var(--gray2);border-color:var(--gray5)}[data-sonner-toast][data-swiping=true]::before{content:'';position:absolute;left:-100%;right:-100%;height:100%;z-index:-1}[data-sonner-toast][data-y-position=top][data-swiping=true]::before{bottom:50%;transform:scaleY(3) translateY(50%)}[data-sonner-toast][data-y-position=bottom][data-swiping=true]::before{top:50%;transform:scaleY(3) translateY(-50%)}[data-sonner-toast][data-swiping=false][data-removed=true]::before{content:'';position:absolute;inset:0;transform:scaleY(2)}[data-sonner-toast][data-expanded=true]::after{content:'';position:absolute;left:0;height:calc(var(--gap) + 1px);bottom:100%;width:100%}[data-sonner-toast][data-mounted=true]{--y:translateY(0);opacity:1}[data-sonner-toast][data-expanded=false][data-front=false]{--scale:var(--toasts-before) * 0.05 + 1;--y:translateY(calc(var(--lift-amount) * var(--toasts-before))) scale(calc(-1 * var(--scale)));height:var(--front-toast-height)}[data-sonner-toast]>*{transition:opacity .4s}[data-sonner-toast][data-x-position=right]{right:0}[data-sonner-toast][data-x-position=left]{left:0}[data-sonner-toast][data-expanded=false][data-front=false][data-styled=true]>*{opacity:0}[data-sonner-toast][data-visible=false]{opacity:0;pointer-events:none}[data-sonner-toast][data-mounted=true][data-expanded=true]{--y:translateY(calc(var(--lift) * var(--offset)));height:var(--initial-height)}[data-sonner-toast][data-removed=true][data-front=true][data-swipe-out=false]{--y:translateY(calc(var(--lift) * -100%));opacity:0}[data-sonner-toast][data-removed=true][data-front=false][data-swipe-out=false][data-expanded=true]{--y:translateY(calc(var(--lift) * var(--offset) + var(--lift) * -100%));opacity:0}[data-sonner-toast][data-removed=true][data-front=false][data-swipe-out=false][data-expanded=false]{--y:translateY(40%);opacity:0;transition:transform .5s,opacity .2s}[data-sonner-toast][data-removed=true][data-front=false]::before{height:calc(var(--initial-height) + 20%)}[data-sonner-toast][data-swiping=true]{transform:var(--y) translateY(var(--swipe-amount-y,0)) translateX(var(--swipe-amount-x,0));transition:none}[data-sonner-toast][data-swiped=true]{user-select:none}[data-sonner-toast][data-swipe-out=true][data-y-position=bottom],[data-sonner-toast][data-swipe-out=true][data-y-position=top]{animation-duration:.2s;animation-timing-function:ease-out;animation-fill-mode:forwards}[data-sonner-toast][data-swipe-out=true][data-swipe-direction=left]{animation-name:swipe-out-left}[data-sonner-toast][data-swipe-out=true][data-swipe-direction=right]{animation-name:swipe-out-right}[data-sonner-toast][data-swipe-out=true][data-swipe-direction=up]{animation-name:swipe-out-up}[data-sonner-toast][data-swipe-out=true][data-swipe-direction=down]{animation-name:swipe-out-down}@keyframes swipe-out-left{from{transform:var(--y) translateX(var(--swipe-amount-x));opacity:1}to{transform:var(--y) translateX(calc(var(--swipe-amount-x) - 100%));opacity:0}}@keyframes swipe-out-right{from{transform:var(--y) translateX(var(--swipe-amount-x));opacity:1}to{transform:var(--y) translateX(calc(var(--swipe-amount-x) + 100%));opacity:0}}@keyframes swipe-out-up{from{transform:var(--y) translateY(var(--swipe-amount-y));opacity:1}to{transform:var(--y) translateY(calc(var(--swipe-amount-y) - 100%));opacity:0}}@keyframes swipe-out-down{from{transform:var(--y) translateY(var(--swipe-amount-y));opacity:1}to{transform:var(--y) translateY(calc(var(--swipe-amount-y) + 100%));opacity:0}}@media (max-width:600px){[data-sonner-toaster]{position:fixed;right:var(--mobile-offset-right);left:var(--mobile-offset-left);width:100%}[data-sonner-toaster][dir=rtl]{left:calc(var(--mobile-offset-left) * -1)}[data-sonner-toaster] [data-sonner-toast]{left:0;right:0;width:calc(100% - var(--mobile-offset-left) * 2)}[data-sonner-toaster][data-x-position=left]{left:var(--mobile-offset-left)}[data-sonner-toaster][data-y-position=bottom]{bottom:var(--mobile-offset-bottom)}[data-sonner-toaster][data-y-position=top]{top:var(--mobile-offset-top)}[data-sonner-toaster][data-x-position=center]{left:var(--mobile-offset-left);right:var(--mobile-offset-right);transform:none}}[data-sonner-toaster][data-sonner-theme=light]{--normal-bg:#fff;--normal-border:var(--gray4);--normal-text:var(--gray12);--success-bg:hsl(143, 85%, 96%);--success-border:hsl(145, 92%, 87%);--success-text:hsl(140, 100%, 27%);--info-bg:hsl(208, 100%, 97%);--info-border:hsl(221, 91%, 93%);--info-text:hsl(210, 92%, 45%);--warning-bg:hsl(49, 100%, 97%);--warning-border:hsl(49, 91%, 84%);--warning-text:hsl(31, 92%, 45%);--error-bg:hsl(359, 100%, 97%);--error-border:hsl(359, 100%, 94%);--error-text:hsl(360, 100%, 45%)}[data-sonner-toaster][data-sonner-theme=light] [data-sonner-toast][data-invert=true]{--normal-bg:#000;--normal-border:hsl(0, 0%, 20%);--normal-text:var(--gray1)}[data-sonner-toaster][data-sonner-theme=dark] [data-sonner-toast][data-invert=true]{--normal-bg:#fff;--normal-border:var(--gray3);--normal-text:var(--gray12)}[data-sonner-toaster][data-sonner-theme=dark]{--normal-bg:#000;--normal-bg-hover:hsl(0, 0%, 12%);--normal-border:hsl(0, 0%, 20%);--normal-border-hover:hsl(0, 0%, 25%);--normal-text:var(--gray1);--success-bg:hsl(150, 100%, 6%);--success-border:hsl(147, 100%, 12%);--success-text:hsl(150, 86%, 65%);--info-bg:hsl(215, 100%, 6%);--info-border:hsl(223, 43%, 17%);--info-text:hsl(216, 87%, 65%);--warning-bg:hsl(64, 100%, 6%);--warning-border:hsl(60, 100%, 9%);--warning-text:hsl(46, 87%, 65%);--error-bg:hsl(358, 76%, 10%);--error-border:hsl(357, 89%, 16%);--error-text:hsl(358, 100%, 81%)}[data-sonner-toaster][data-sonner-theme=dark] [data-sonner-toast] [data-close-button]{background:var(--normal-bg);border-color:var(--normal-border);color:var(--normal-text)}[data-sonner-toaster][data-sonner-theme=dark] [data-sonner-toast] [data-close-button]:hover{background:var(--normal-bg-hover);border-color:var(--normal-border-hover)}[data-rich-colors=true][data-sonner-toast][data-type=success]{background:var(--success-bg);border-color:var(--success-border);color:var(--success-text)}[data-rich-colors=true][data-sonner-toast][data-type=success] [data-close-button]{background:var(--success-bg);border-color:var(--success-border);color:var(--success-text)}[data-rich-colors=true][data-sonner-toast][data-type=info]{background:var(--info-bg);border-color:var(--info-border);color:var(--info-text)}[data-rich-colors=true][data-sonner-toast][data-type=info] [data-close-button]{background:var(--info-bg);border-color:var(--info-border);color:var(--info-text)}[data-rich-colors=true][data-sonner-toast][data-type=warning]{background:var(--warning-bg);border-color:var(--warning-border);color:var(--warning-text)}[data-rich-colors=true][data-sonner-toast][data-type=warning] [data-close-button]{background:var(--warning-bg);border-color:var(--warning-border);color:var(--warning-text)}[data-rich-colors=true][data-sonner-toast][data-type=error]{background:var(--error-bg);border-color:var(--error-border);color:var(--error-text)}[data-rich-colors=true][data-sonner-toast][data-type=error] [data-close-button]{background:var(--error-bg);border-color:var(--error-border);color:var(--error-text)}.sonner-loading-wrapper{--size:16px;height:var(--size);width:var(--size);position:absolute;inset:0;z-index:10}.sonner-loading-wrapper[data-visible=false]{transform-origin:center;animation:sonner-fade-out .2s ease forwards}.sonner-spinner{position:relative;top:50%;left:50%;height:var(--size);width:var(--size)}.sonner-loading-bar{animation:sonner-spin 1.2s linear infinite;background:var(--gray11);border-radius:6px;height:8%;left:-10%;position:absolute;top:-3.9%;width:24%}.sonner-loading-bar:first-child{animation-delay:-1.2s;transform:rotate(.0001deg) translate(146%)}.sonner-loading-bar:nth-child(2){animation-delay:-1.1s;transform:rotate(30deg) translate(146%)}.sonner-loading-bar:nth-child(3){animation-delay:-1s;transform:rotate(60deg) translate(146%)}.sonner-loading-bar:nth-child(4){animation-delay:-.9s;transform:rotate(90deg) translate(146%)}.sonner-loading-bar:nth-child(5){animation-delay:-.8s;transform:rotate(120deg) translate(146%)}.sonner-loading-bar:nth-child(6){animation-delay:-.7s;transform:rotate(150deg) translate(146%)}.sonner-loading-bar:nth-child(7){animation-delay:-.6s;transform:rotate(180deg) translate(146%)}.sonner-loading-bar:nth-child(8){animation-delay:-.5s;transform:rotate(210deg) translate(146%)}.sonner-loading-bar:nth-child(9){animation-delay:-.4s;transform:rotate(240deg) translate(146%)}.sonner-loading-bar:nth-child(10){animation-delay:-.3s;transform:rotate(270deg) translate(146%)}.sonner-loading-bar:nth-child(11){animation-delay:-.2s;transform:rotate(300deg) translate(146%)}.sonner-loading-bar:nth-child(12){animation-delay:-.1s;transform:rotate(330deg) translate(146%)}@keyframes sonner-fade-in{0%{opacity:0;transform:scale(.8)}100%{opacity:1;transform:scale(1)}}@keyframes sonner-fade-out{0%{opacity:1;transform:scale(1)}100%{opacity:0;transform:scale(.8)}}@keyframes sonner-spin{0%{opacity:1}100%{opacity:.15}}@media (prefers-reduced-motion){.sonner-loading-bar,[data-sonner-toast],[data-sonner-toast]>*{transition:none!important;animation:none!important}}.sonner-loader{position:absolute;top:50%;left:50%;transform:translate(-50%,-50%);transform-origin:center;transition:opacity .2s,transform .2s}.sonner-loader[data-visible=false]{opacity:0;transform:scale(.8) translate(-50%,-50%)}</style><style id="_goober"> @keyframes go2264125279{from{transform:scale(0) rotate(45deg);opacity:0;}to{transform:scale(1) rotate(45deg);opacity:1;}}@keyframes go3020080000{from{transform:scale(0);opacity:0;}to{transform:scale(1);opacity:1;}}@keyframes go463499852{from{transform:scale(0) rotate(90deg);opacity:0;}to{transform:scale(1) rotate(90deg);opacity:1;}}@keyframes go1268368563{from{transform:rotate(0deg);}to{transform:rotate(360deg);}}@keyframes go1310225428{from{transform:scale(0) rotate(45deg);opacity:0;}to{transform:scale(1) rotate(45deg);opacity:1;}}@keyframes go651618207{0%{height:0;width:0;opacity:0;}40%{height:0;width:6px;opacity:1;}100%{opacity:1;height:10px;}}@keyframes go901347462{from{transform:scale(0.6);opacity:0.4;}to{transform:scale(1);opacity:1;}}.go4109123758{z-index:9999;}.go4109123758 > *{pointer-events:auto;}</style></head><body class="h-full" style="font-family:var(--font-inter), system-ui, sans-serif"><div hidden=""><!--$--><!--/$--></div><div data-rht-toaster="" style="position:fixed;z-index:9999;top:16px;left:16px;right:16px;bottom:16px;pointer-events:none"></div><div class="min-h-screen bg-[#0a0a0a] flex items-center justify-center p-4 selection:bg-emerald-500/30"><div class="fixed top-0 left-0 w-full h-full overflow-hidden -z-10"><div class="absolute top-[-10%] left-[-10%] w-[40%] h-[40%] bg-emerald-500/10 blur-[120px] rounded-full animate-pulse"></div><div class="absolute bottom-[-10%] right-[-10%] w-[40%] h-[40%] bg-blue-500/10 blur-[120px] rounded-full"></div></div><div class="w-full max-w-md bg-white/5 backdrop-blur-xl border border-white/10 rounded-3xl p-8 shadow-2xl animate-in fade-in zoom-in duration-500"><div class="text-center mb-8"><div class="w-16 h-16 bg-emerald-500/10 rounded-2xl flex items-center justify-center mx-auto mb-4 border border-emerald-500/20"><svg xmlns="http://www.w3.org/2000/svg" width="32" height="32" viewBox="0 0 24 24" fill="none" stroke="currentColor" stroke-width="2" stroke-linecap="round" stroke-linejoin="round" class="lucide lucide-shield-check text-emerald-500" aria-hidden="true"><path d="M20 13c0 5-3.5 7.5-7.66 8.95a1 1 0 0 1-.67-.01C7.5 20.5 4 18 4 13V6a1 1 0 0 1 1-1c2 0 4.5-1.2 6.24-2.72a1.17 1.17 0 0 1 1.52 0C14.51 3.81 17 5 19 5a1 1 0 0 1 1 1z"></path><path d="m9 12 2 2 4-4"></path></svg></div><h1 class="text-3xl font-black text-white tracking-tight">Welcome Back</h1><p class="text-white/50 text-sm mt-2">Login to manage your business</p></div><form class="space-y-4"><div class="relative group animate-in slide-in-from-top-2"><svg xmlns="http://www.w3.org/2000/svg" width="18" height="18" viewBox="0 0 24 24" fill="none" stroke="currentColor" stroke-width="2" stroke-linecap="round" stroke-linejoin="round" class="lucide lucide-mail absolute left-4 top-1/2 -translate-y-1/2 text-white/30 group-focus-within:text-emerald-500 transition-colors" aria-hidden="true"><path d="m22 7-8.991 5.727a2 2 0 0 1-2.009 0L2 7"></path><rect x="2" y="4" width="20" height="16" rx="2"></rect></svg><input type="text" placeholder="Email or Phone Number" required="" class="w-full bg-white/5 border border-white/10 rounded-2xl py-4 pl-12 pr-4 text-white placeholder:text-white/20 focus:outline-none focus:border-emerald-500/50 focus:bg-white/10 transition-all" name="email" value=""></div><div class="relative group"><svg xmlns="http://www.w3.org/2000/svg" width="18" height="18" viewBox="0 0 24 24" fill="none" stroke="currentColor" stroke-width="2" stroke-linecap="round" stroke-linejoin="round" class="lucide lucide-lock absolute left-4 top-1/2 -translate-y-1/2 text-white/30 group-focus-within:text-emerald-500 transition-colors" aria-hidden="true"><rect width="18" height="11" x="3" y="11" rx="2" ry="2"></rect><path d="M7 11V7a5 5 0 0 1 10 0v4"></path></svg><input type="password" placeholder="Password" required="" class="w-full bg-white/5 border border-white/10 rounded-2xl py-4 pl-12 pr-12 text-white placeholder:text-white/20 focus:outline-none focus:border-emerald-500/50 focus:bg-white/10 transition-all" name="password" value=""><button type="button" class="absolute right-4 top-1/2 -translate-y-1/2 text-white/20 hover:text-white/60 transition-colors"><svg xmlns="http://www.w3.org/2000/svg" width="18" height="18" viewBox="0 0 24 24" fill="none" stroke="currentColor" stroke-width="2" stroke-linecap="round" stroke-linejoin="round" class="lucide lucide-eye" aria-hidden="true"><path d="M2.062 12.348a1 1 0 0 1 0-.696 10.75 10.75 0 0 1 19.876 0 1 1 0 0 1 0 .696 10.75 10.75 0 0 1-19.876 0"></path><circle cx="12" cy="12" r="3"></circle></svg></button></div><div class="flex justify-end px-1"><button type="button" class="text-xs font-bold text-white/30 hover:text-emerald-500 transition-colors uppercase tracking-widest">Forgot Password?</button></div><button type="submit" class="w-full bg-emerald-500 hover:bg-emerald-600 shadow-emerald-500/20 disabled:opacity-50 text-[#0a0a0a] font-bold py-4 rounded-2xl flex items-center justify-center gap-2 transition-all active:scale-[0.98] shadow-lg">Login<svg xmlns="http://www.w3.org/2000/svg" width="18" height="18" viewBox="0 0 24 24" fill="none" stroke="currentColor" stroke-width="2" stroke-linecap="round" stroke-linejoin="round" class="lucide lucide-arrow-right" aria-hidden="true"><path d="M5 12h14"></path><path d="m12 5 7 7-7 7"></path></svg></button><div class="mt-8 text-center text-sm"><p class="text-white/40 font-medium">Don't have an account?<!-- --> <button class="text-emerald-500 font-bold hover:underline ml-1">Sign Up</button></p></div><div class="mt-6 pt-6 border-t border-white/10 text-center"><p class="text-white/30 text-[10px] font-black uppercase tracking-widest mb-4">Need Help?</p><div class="flex flex-col gap-3"><a href="tel:+919403893991" class="flex items-center justify-center gap-2 text-white/50 hover:text-emerald-500 transition-colors text-xs font-bold bg-white/5 py-2 rounded-xl border border-white/5"><svg xmlns="http://www.w3.org/2000/svg" width="14" height="14" viewBox="0 0 24 24" fill="none" stroke="currentColor" stroke-width="2" stroke-linecap="round" stroke-linejoin="round" class="lucide lucide-phone" aria-hidden="true"><path d="M13.832 16.568a1 1 0 0 0 1.213-.303l.355-.465A2 2 0 0 1 17 15h3a2 2 0 0 1 2 2v3a2 2 0 0 1-2 2A18 18 0 0 1 2 4a2 2 0 0 1 2-2h3a2 2 0 0 1 2 2v3a2 2 0 0 1-.8 1.6l-.468.351a1 1 0 0 0-.292 1.233 14 14 0 0 0 6.392 6.384"></path></svg> Call Support: +91 9403893991</a><a href="https://wa.me/919289507882" target="_blank" rel="noopener noreferrer" class="flex items-center justify-center gap-2 text-white/50 hover:text-emerald-500 transition-colors text-xs font-bold bg-white/5 py-2 rounded-xl border border-white/5"><svg xmlns="http://www.w3.org/2000/svg" width="14" height="14" viewBox="0 0 24 24" fill="none" stroke="currentColor" stroke-width="2" stroke-linecap="round" stroke-linejoin="round" class="lucide lucide-message-square" aria-hidden="true"><path d="M22 17a2 2 0 0 1-2 2H6.828a2 2 0 0 0-1.414.586l-2.202 2.202A.71.71 0 0 1 2 21.286V5a2 2 0 0 1 2-2h16a2 2 0 0 1 2 2z"></path></svg> WhatsApp: +91 9289507882</a></div></div></form></div></div><!--$--><!--/$--><section aria-label="Notifications alt+T" tabindex="-1" aria-live="polite" aria-relevant="additions text" aria-atomic="false"></section><script src="/_next/static/chunks/webpack-6fc1f9282f6d0e53.js" async=""></script><script>(self.__next_f=self.__next_f||[]).push([0])</script><script>self.__next_f.push([1,"1:\"$Sreact.fragment\"\n2:I[29808,[\"4521\",\"static/chunks/4521-3ce0632c81905e73.js\",\"6671\",\"static/chunks/6671-2c59fdb17d65f45d.js\",\"7177\",\"static/chunks/app/layout-c61016ad7b8a610f.js\"],\"default\"]\n3:\"$Sreact.suspense\"\n4:I[16259,[\"4521\",\"static/chunks/4521-3ce0632c81905e73.js\",\"6671\",\"static/chunks/6671-2c59fdb17d65f45d.js\",\"7177\",\"static/chunks/app/layout-c61016ad7b8a610f.js\"],\"default\"]\n5:I[87555,[],\"\"]\n6:I[51901,[\"8039\",\"static/chunks/app/error-b72f84e42a584e31.js\"],\"default\"]\n7:I[31295,[],\"\"]\n8:I[56671,[\"4521\",\"static/chunks/4521-3ce0632c81905e73.js\",\"6671\",\"static/chunks/6671-2c59fdb17d65f45d.js\",\"7177\",\"static/chunks/app/layout-c61016ad7b8a610f.js\"],\"Toaster\"]\n9:I[90894,[],\"ClientPageRoot\"]\na:I[52252,[\"6671\",\"static/chunks/6671-2c59fdb17d65f45d.js\",\"8641\",\"static/chunks/app/auth/custom/page-96d15ebe4a5fa9a3.js\"],\"default\"]\nd:I[59665,[],\"OutletBoundary\"]\n10:I[74911,[],\"AsyncMetadataOutlet\"]\n12:I[59665,[],\"ViewportBoundary\"]\n14:I[59665,[],\"MetadataBoundary\"]\n16:I[98385,[\"4219\",\"static/chunks/app/global-error-07379679dbd81aac.js\"],\"default\"]\n:HL[\"/_next/static/media/e4af272ccee01ff0-s.p.woff2\",\"font\",{\"crossOrigin\":\"\",\"type\":\"font/woff2\"}]\n:HL[\"/_next/static/css/45079e0a57e524ee.css\",\"style\"]\n:HL[\"/_next/static/css/47f3de3c41ad536b.css\",\"style\"]\n"])</script><script>self.__next_f.push([1,"0:{\"P\":null,\"b\":\"1mzAOdPpJK5kqb1wKOgNH\",\"p\":\"\",\"c\":[\"\",\"auth\",\"custom\"],\"i\":false,\"f\":[[[\"\",{\"children\":[\"auth\",{\"children\":[\"custom\",{\"children\":[\"__PAGE__\",{}]}]}]},\"$undefined\",\"$undefined\",true],[\"\",[\"$\",\"$1\",\"c\",{\"children\":[[[\"$\",\"link\",\"0\",{\"rel\":\"stylesheet\",\"href\":\"/_next/static/css/45079e0a57e524ee.css\",\"precedence\":\"next\",\"crossOrigin\":\"$undefined\",\"nonce\":\"$undefined\"}],[\"$\",\"link\",\"1\",{\"rel\":\"stylesheet\",\"href\":\"/_next/static/css/47f3de3c41ad536b.css\",\"precedence\":\"next\",\"crossOrigin\":\"$undefined\",\"nonce\":\"$undefined\"}]],[\"$\",\"html\",null,{\"lang\":\"en\",\"className\":\"__variable_472ac2 h-full\",\"children\":[\"$\",\"body\",null,{\"className\":\"h-full\",\"style\":{\"fontFamily\":\"var(--font-inter), system-ui, sans-serif\"},\"children\":[\"$\",\"$L2\",null,{\"children\":[[\"$\",\"$3\",null,{\"fallback\":null,\"children\":[\"$\",\"$L4\",null,{}]}],[\"$\",\"$L5\",null,{\"parallelRouterKey\":\"children\",\"error\":\"$6\",\"errorStyles\":[],\"errorScripts\":[],\"template\":[\"$\",\"$L7\",null,{}],\"templateStyles\":\"$undefined\",\"templateScripts\":\"$undefined\",\"notFound\":[[[\"$\",\"title\",null,{\"children\":\"404: This page could not be found.\"}],[\"$\",\"div\",null,{\"style\":{\"fontFamily\":\"system-ui,\\\"Segoe UI\\\",Roboto,Helvetica,Arial,sans-serif,\\\"Apple Color Emoji\\\",\\\"Segoe UI Emoji\\\"\",\"height\":\"100vh\",\"textAlign\":\"center\",\"display\":\"flex\",\"flexDirection\":\"column\",\"alignItems\":\"center\",\"justifyContent\":\"center\"},\"children\":[\"$\",\"div\",null,{\"children\":[[\"$\",\"style\",null,{\"dangerouslySetInnerHTML\":{\"__html\":\"body{color:#000;background:#fff;margin:0}.next-error-h1{border-right:1px solid rgba(0,0,0,.3)}@media (prefers-color-scheme:dark){body{color:#fff;background:#000}.next-error-h1{border-right:1px solid rgba(255,255,255,.3)}}\"}}],[\"$\",\"h1\",null,{\"className\":\"next-error-h1\",\"style\":{\"display\":\"inline-block\",\"margin\":\"0 20px 0 0\",\"padding\":\"0 23px 0 0\",\"fontSize\":24,\"fontWeight\":500,\"verticalAlign\":\"top\",\"lineHeight\":\"49px\"},\"children\":404}],[\"$\",\"div\",null,{\"style\":{\"display\":\"inline-block\"},\"children\":[\"$\",\"h2\",null,{\"style\":{\"fontSize\":14,\"fontWeight\":400,\"lineHeight\":\"49px\",\"margin\":0},\"children\":\"This page could not be found.\"}]}]]}]}]],[]],\"forbidden\":\"$undefined\",\"unauthorized\":\"$undefined\"}],[\"$\",\"$L8\",null,{\"richColors\":true,\"position\":\"top-right\"}]]}]}]}]]}],{\"children\":[\"auth\",[\"$\",\"$1\",\"c\",{\"children\":[null,[\"$\",\"$L5\",null,{\"parallelRouterKey\":\"children\",\"error\":\"$undefined\",\"errorStyles\":\"$undefined\",\"errorScripts\":\"$undefined\",\"template\":[\"$\",\"$L7\",null,{}],\"templateStyles\":\"$undefined\",\"templateScripts\":\"$undefined\",\"notFound\":\"$undefined\",\"forbidden\":\"$undefined\",\"unauthorized\":\"$undefined\"}]]}],{\"children\":[\"custom\",[\"$\",\"$1\",\"c\",{\"children\":[null,[\"$\",\"$L5\",null,{\"parallelRouterKey\":\"children\",\"error\":\"$undefined\",\"errorStyles\":\"$undefined\",\"errorScripts\":\"$undefined\",\"template\":[\"$\",\"$L7\",null,{}],\"templateStyles\":\"$undefined\",\"templateScripts\":\"$undefined\",\"notFound\":\"$undefined\",\"forbidden\":\"$undefined\",\"unauthorized\":\"$undefined\"}]]}],{\"children\":[\"__PAGE__\",[\"$\",\"$1\",\"c\",{\"children\":[[\"$\",\"$L9\",null,{\"Component\":\"$a\",\"searchParams\":{},\"params\":{},\"promises\":[\"$@b\",\"$@c\"]}],null,[\"$\",\"$Ld\",null,{\"children\":[\"$Le\",\"$Lf\",[\"$\",\"$L10\",null,{\"promise\":\"$@11\"}]]}]]}],{},null,false]},null,false]},null,false]},null,false],[\"$\",\"$1\",\"h\",{\"children\":[null,[\"$\",\"$1\",\"iSCARjJ7fpuvyNBxE8h9Ov\",{\"children\":[[\"$\",\"$L12\",null,{\"children\":\"$L13\"}],[\"$\",\"meta\",null,{\"name\":\"next-size-adjust\",\"content\":\"\"}]]}],[\"$\",\"$L14\",null,{\"children\":\"$L15\"}]]}],false]],\"m\":\"$undefined\",\"G\":[\"$16\",[]],\"s\":false,\"S\":true}\n"])</script><script>self.__next_f.push([1,"17:I[74911,[],\"AsyncMetadata\"]\nb:{}\nc:{}\n15:[\"$\",\"div\",null,{\"hidden\":true,\"children\":[\"$\",\"$3\",null,{\"fallback\":null,\"children\":[\"$\",\"$L17\",null,{\"promise\":\"$@18\"}]}]}]\n"])</script><script>self.__next_f.push([1,"f:null\n"])</script><script>self.__next_f.push([1,"13:[[\"$\",\"meta\",\"0\",{\"charSet\":\"utf-8\"}],[\"$\",\"meta\",\"1\",{\"name\":\"viewport\",\"content\":\"width=device-width, initial-scale=1\"}],[\"$\",\"meta\",\"2\",{\"name\":\"theme-color\",\"content\":\"#FF6B35\"}]]\ne:null\n"])</script><script>self.__next_f.push([1,"11:{\"metadata\":[[\"$\",\"title\",\"0\",{\"children\":\"KravyPOS — Smart Billing System\"}],[\"$\",\"meta\",\"1\",{\"name\":\"description\",\"content\":\"Modern point-of-sale and billing system for restaurants and retail\"}],[\"$\",\"meta\",\"2\",{\"name\":\"application-name\",\"content\":\"KravyPOS\"}],[\"$\",\"meta\",\"3\",{\"name\":\"mobile-web-app-capable\",\"content\":\"yes\"}],[\"$\",\"meta\",\"4\",{\"name\":\"apple-mobile-web-app-title\",\"content\":\"KravyPOS\"}],[\"$\",\"meta\",\"5\",{\"name\":\"apple-mobile-web-app-status-bar-style\",\"content\":\"default\"}],[\"$\",\"link\",\"6\",{\"rel\":\"shortcut icon\",\"href\":\"/favicon.ico\"}],[\"$\",\"link\",\"7\",{\"rel\":\"icon\",\"href\":\"/favicon.ico\",\"type\":\"image/x-icon\",\"sizes\":\"1024x1024\"}],[\"$\",\"link\",\"8\",{\"rel\":\"icon\",\"href\":\"/favicon.ico\"}],[\"$\",\"link\",\"9\",{\"rel\":\"apple-touch-icon\",\"href\":\"/favicon.ico\"}]],\"error\":null,\"digest\":\"$undefined\"}\n18:{\"metadata\":\"$11:metadata\",\"error\":null,\"digest\":\"$undefined\"}\n"])</script><next-route-announcer style="position: absolute;"></next-route-announcer></body></html>
Running iteration 2...
Navigating to page...
>> GET http://localhost:3001/dashboard/menu/view
>> GET http://localhost:3001/_next/static/media/e4af272ccee01ff0-s.p.woff2
>> GET http://localhost:3001/_next/static/css/45079e0a57e524ee.css
>> GET http://localhost:3001/_next/static/css/47f3de3c41ad536b.css
>> GET http://localhost:3001/_next/static/css/3af04494612e9fab.css
>> GET http://localhost:3001/_next/static/chunks/webpack-6fc1f9282f6d0e53.js
>> GET http://localhost:3001/_next/static/chunks/4bd1b696-e71b66d225d8e45f.js
>> GET http://localhost:3001/_next/static/chunks/1684-23dc285c52887576.js
>> GET http://localhost:3001/_next/static/chunks/main-app-15f8366be760b6fd.js
>> GET http://localhost:3001/_next/static/chunks/4521-3ce0632c81905e73.js
>> GET http://localhost:3001/_next/static/chunks/6671-2c59fdb17d65f45d.js
>> GET http://localhost:3001/_next/static/chunks/app/layout-c61016ad7b8a610f.js
>> GET http://localhost:3001/_next/static/chunks/app/error-b72f84e42a584e31.js
>> GET http://localhost:3001/_next/static/chunks/4493-56a77b934a3f9e02.js
>> GET http://localhost:3001/_next/static/chunks/5430-2533ed21105f9380.js
>> GET http://localhost:3001/_next/static/chunks/1906-df48f4ff2ab5abdc.js
>> GET http://localhost:3001/_next/static/chunks/6996-2ef1a0a1a25bc150.js
>> GET http://localhost:3001/_next/static/chunks/980-5d9864478dbc009e.js
>> GET http://localhost:3001/_next/static/chunks/2609-807dfa739acc9e04.js
>> GET http://localhost:3001/_next/static/chunks/app/dashboard/layout-80035c79d0c13dbf.js
>> GET http://localhost:3001/_next/static/chunks/2010-72b0f30111c46eb2.js
>> GET http://localhost:3001/_next/static/chunks/3063-204cbd4bc32934ab.js
>> GET http://localhost:3001/_next/static/chunks/4244-bf9ae61a055766c4.js
>> GET http://localhost:3001/_next/static/chunks/5059-26a1e9826782b476.js
>> GET http://localhost:3001/_next/static/chunks/app/dashboard/menu/view/page-97fa30a3743f2f0d.js
Waiting for list to render...
>> GET http://localhost:3001/_next/static/chunks/app/global-error-07379679dbd81aac.js
>> GET http://localhost:3001/api/user/me
>> GET http://localhost:3001/api/user/me
>> GET http://localhost:3001/api/notifications
>> GET http://localhost:3001/api/profile
>> GET http://localhost:3001/api/user/me
>> GET http://localhost:3001/api/profile
>> GET http://localhost:3001/api/menu-editor/addon-groups
>> GET http://localhost:3001/api/menu/view?t=1789451969097
[MOCK] Intercepted /api/menu/view
>> GET http://localhost:3001/api/categories?t=1789451969097
>> GET http://localhost:3001/api/profile/zones
>> GET http://localhost:3001/api/profile
>> GET http://localhost:3001/kravylogo.png
CONSOLE: Failed to load resource: the server responded with a status of 401 (Unauthorized)
CONSOLE ERROR: Failed to load resource: the server responded with a status of 401 (Unauthorized)
>> POST http://localhost:3001/api/auth/refresh-token
>> GET http://localhost:3001/_next/static/media/8e9860b6e62d6359-s.woff2
CONSOLE: Failed to load resource: the server responded with a status of 401 (Unauthorized)
CONSOLE ERROR: Failed to load resource: the server responded with a status of 401 (Unauthorized)
CONSOLE: [Auth] Custom token refresh failed (401): {"success":false,"message":"No refresh token provided"}
CONSOLE: [Auth] Custom token refresh failed (401): {"success":false,"message":"No refresh token provided"}
>> POST http://localhost:3001/api/staff/refresh-token
CONSOLE: Failed to load resource: the server responded with a status of 401 (Unauthorized)
CONSOLE ERROR: Failed to load resource: the server responded with a status of 401 (Unauthorized)
CONSOLE: [Auth] Staff token refresh failed (401): {"success":false,"message":"No refresh token provided"}
CONSOLE: [Auth] Staff token refresh failed (401): {"success":false,"message":"No refresh token provided"}
>> POST http://localhost:3001/api/auth/logout
>> GET http://localhost:3001/auth/custom?error=session_expired
>> GET http://localhost:3001/_next/static/media/e4af272ccee01ff0-s.p.woff2
>> GET http://localhost:3001/_next/static/css/45079e0a57e524ee.css
>> GET http://localhost:3001/_next/static/css/47f3de3c41ad536b.css
>> GET http://localhost:3001/_next/static/chunks/webpack-6fc1f9282f6d0e53.js
>> GET http://localhost:3001/_next/static/chunks/4bd1b696-e71b66d225d8e45f.js
>> GET http://localhost:3001/_next/static/chunks/1684-23dc285c52887576.js
>> GET http://localhost:3001/_next/static/chunks/main-app-15f8366be760b6fd.js
>> GET http://localhost:3001/_next/static/chunks/4521-3ce0632c81905e73.js
>> GET http://localhost:3001/_next/static/chunks/6671-2c59fdb17d65f45d.js
>> GET http://localhost:3001/_next/static/chunks/app/layout-c61016ad7b8a610f.js
>> GET http://localhost:3001/_next/static/chunks/app/error-b72f84e42a584e31.js
>> GET http://localhost:3001/_next/static/chunks/app/auth/custom/page-96d15ebe4a5fa9a3.js
>> GET http://localhost:3001/_next/static/chunks/app/global-error-07379679dbd81aac.js
Failed to render initial state.
<!DOCTYPE html><html lang="en" class="__variable_472ac2 h-full"><head><meta charset="utf-8"><meta name="viewport" content="width=device-width, initial-scale=1"><link rel="preload" href="/_next/static/media/e4af272ccee01ff0-s.p.woff2" as="font" crossorigin="" type="font/woff2"><link rel="stylesheet" href="/_next/static/css/45079e0a57e524ee.css" data-precedence="next"><link rel="stylesheet" href="/_next/static/css/47f3de3c41ad536b.css" data-precedence="next"><link rel="preload" as="script" fetchpriority="low" href="/_next/static/chunks/webpack-6fc1f9282f6d0e53.js"><script src="/_next/static/chunks/4bd1b696-e71b66d225d8e45f.js" async=""></script><script src="/_next/static/chunks/1684-23dc285c52887576.js" async=""></script><script src="/_next/static/chunks/main-app-15f8366be760b6fd.js" async=""></script><meta name="next-size-adjust" content=""><meta name="theme-color" content="#FF6B35"><title>KravyPOS — Smart Billing System</title><meta name="description" content="Modern point-of-sale and billing system for restaurants and retail"><meta name="application-name" content="KravyPOS"><meta name="mobile-web-app-capable" content="yes"><meta name="apple-mobile-web-app-title" content="KravyPOS"><meta name="apple-mobile-web-app-status-bar-style" content="default"><link rel="shortcut icon" href="/favicon.ico"><link rel="icon" href="/favicon.ico" type="image/x-icon" sizes="1024x1024"><link rel="icon" href="/favicon.ico"><link rel="apple-touch-icon" href="/favicon.ico"><script>document.querySelectorAll('body link[rel="icon"], body link[rel="apple-touch-icon"]').forEach(el => document.head.appendChild(el))</script><script src="/_next/static/chunks/polyfills-42372ed130431b0a.js" nomodule=""></script><style type="text/css">[data-sonner-toaster][dir=ltr],html[dir=ltr]{--toast-icon-margin-start:-3px;--toast-icon-margin-end:4px;--toast-svg-margin-start:-1px;--toast-svg-margin-end:0px;--toast-button-margin-start:auto;--toast-button-margin-end:0;--toast-close-button-start:0;--toast-close-button-end:unset;--toast-close-button-transform:translate(-35%, -35%)}[data-sonner-toaster][dir=rtl],html[dir=rtl]{--toast-icon-margin-start:4px;--toast-icon-margin-end:-3px;--toast-svg-margin-start:0px;--toast-svg-margin-end:-1px;--toast-button-margin-start:0;--toast-button-margin-end:auto;--toast-close-button-start:unset;--toast-close-button-end:0;--toast-close-button-transform:translate(35%, -35%)}[data-sonner-toaster]{position:fixed;width:var(--width);font-family:ui-sans-serif,system-ui,-apple-system,BlinkMacSystemFont,Segoe UI,Roboto,Helvetica Neue,Arial,Noto Sans,sans-serif,Apple Color Emoji,Segoe UI Emoji,Segoe UI Symbol,Noto Color Emoji;--gray1:hsl(0, 0%, 99%);--gray2:hsl(0, 0%, 97.3%);--gray3:hsl(0, 0%, 95.1%);--gray4:hsl(0, 0%, 93%);--gray5:hsl(0, 0%, 90.9%);--gray6:hsl(0, 0%, 88.7%);--gray7:hsl(0, 0%, 85.8%);--gray8:hsl(0, 0%, 78%);--gray9:hsl(0, 0%, 56.1%);--gray10:hsl(0, 0%, 52.3%);--gray11:hsl(0, 0%, 43.5%);--gray12:hsl(0, 0%, 9%);--border-radius:8px;box-sizing:border-box;padding:0;margin:0;list-style:none;outline:0;z-index:999999999;transition:transform .4s ease}@media (hover:none) and (pointer:coarse){[data-sonner-toaster][data-lifted=true]{transform:none}}[data-sonner-toaster][data-x-position=right]{right:var(--offset-right)}[data-sonner-toaster][data-x-position=left]{left:var(--offset-left)}[data-sonner-toaster][data-x-position=center]{left:50%;transform:translateX(-50%)}[data-sonner-toaster][data-y-position=top]{top:var(--offset-top)}[data-sonner-toaster][data-y-position=bottom]{bottom:var(--offset-bottom)}[data-sonner-toast]{--y:translateY(100%);--lift-amount:calc(var(--lift) * var(--gap));z-index:var(--z-index);position:absolute;opacity:0;transform:var(--y);touch-action:none;transition:transform .4s,opacity .4s,height .4s,box-shadow .2s;box-sizing:border-box;outline:0;overflow-wrap:anywhere}[data-sonner-toast][data-styled=true]{padding:16px;background:var(--normal-bg);border:1px solid var(--normal-border);color:var(--normal-text);border-radius:var(--border-radius);box-shadow:0 4px 12px rgba(0,0,0,.1);width:var(--width);font-size:13px;display:flex;align-items:center;gap:6px}[data-sonner-toast]:focus-visible{box-shadow:0 4px 12px rgba(0,0,0,.1),0 0 0 2px rgba(0,0,0,.2)}[data-sonner-toast][data-y-position=top]{top:0;--y:translateY(-100%);--lift:1;--lift-amount:calc(1 * var(--gap))}[data-sonner-toast][data-y-position=bottom]{bottom:0;--y:translateY(100%);--lift:-1;--lift-amount:calc(var(--lift) * var(--gap))}[data-sonner-toast][data-styled=true] [data-description]{font-weight:400;line-height:1.4;color:#3f3f3f}[data-rich-colors=true][data-sonner-toast][data-styled=true] [data-description]{color:inherit}[data-sonner-toaster][data-sonner-theme=dark] [data-description]{color:#e8e8e8}[data-sonner-toast][data-styled=true] [data-title]{font-weight:500;line-height:1.5;color:inherit}[data-sonner-toast][data-styled=true] [data-icon]{display:flex;height:16px;width:16px;position:relative;justify-content:flex-start;align-items:center;flex-shrink:0;margin-left:var(--toast-icon-margin-start);margin-right:var(--toast-icon-margin-end)}[data-sonner-toast][data-promise=true] [data-icon]>svg{opacity:0;transform:scale(.8);transform-origin:center;animation:sonner-fade-in .3s ease forwards}[data-sonner-toast][data-styled=true] [data-icon]>*{flex-shrink:0}[data-sonner-toast][data-styled=true] [data-icon] svg{margin-left:var(--toast-svg-margin-start);margin-right:var(--toast-svg-margin-end)}[data-sonner-toast][data-styled=true] [data-content]{display:flex;flex-direction:column;gap:2px}[data-sonner-toast][data-styled=true] [data-button]{border-radius:4px;padding-left:8px;padding-right:8px;height:24px;font-size:12px;color:var(--normal-bg);background:var(--normal-text);margin-left:var(--toast-button-margin-start);margin-right:var(--toast-button-margin-end);border:none;font-weight:500;cursor:pointer;outline:0;display:flex;align-items:center;flex-shrink:0;transition:opacity .4s,box-shadow .2s}[data-sonner-toast][data-styled=true] [data-button]:focus-visible{box-shadow:0 0 0 2px rgba(0,0,0,.4)}[data-sonner-toast][data-styled=true] [data-button]:first-of-type{margin-left:var(--toast-button-margin-start);margin-right:var(--toast-button-margin-end)}[data-sonner-toast][data-styled=true] [data-cancel]{color:var(--normal-text);background:rgba(0,0,0,.08)}[data-sonner-toaster][data-sonner-theme=dark] [data-sonner-toast][data-styled=true] [data-cancel]{background:rgba(255,255,255,.3)}[data-sonner-toast][data-styled=true] [data-close-button]{position:absolute;left:var(--toast-close-button-start);right:var(--toast-close-button-end);top:0;height:20px;width:20px;display:flex;justify-content:center;align-items:center;padding:0;color:var(--gray12);background:var(--normal-bg);border:1px solid var(--gray4);transform:var(--toast-close-button-transform);border-radius:50%;cursor:pointer;z-index:1;transition:opacity .1s,background .2s,border-color .2s}[data-sonner-toast][data-styled=true] [data-close-button]:focus-visible{box-shadow:0 4px 12px rgba(0,0,0,.1),0 0 0 2px rgba(0,0,0,.2)}[data-sonner-toast][data-styled=true] [data-disabled=true]{cursor:not-allowed}[data-sonner-toast][data-styled=true]:hover [data-close-button]:hover{background:var(--gray2);border-color:var(--gray5)}[data-sonner-toast][data-swiping=true]::before{content:'';position:absolute;left:-100%;right:-100%;height:100%;z-index:-1}[data-sonner-toast][data-y-position=top][data-swiping=true]::before{bottom:50%;transform:scaleY(3) translateY(50%)}[data-sonner-toast][data-y-position=bottom][data-swiping=true]::before{top:50%;transform:scaleY(3) translateY(-50%)}[data-sonner-toast][data-swiping=false][data-removed=true]::before{content:'';position:absolute;inset:0;transform:scaleY(2)}[data-sonner-toast][data-expanded=true]::after{content:'';position:absolute;left:0;height:calc(var(--gap) + 1px);bottom:100%;width:100%}[data-sonner-toast][data-mounted=true]{--y:translateY(0);opacity:1}[data-sonner-toast][data-expanded=false][data-front=false]{--scale:var(--toasts-before) * 0.05 + 1;--y:translateY(calc(var(--lift-amount) * var(--toasts-before))) scale(calc(-1 * var(--scale)));height:var(--front-toast-height)}[data-sonner-toast]>*{transition:opacity .4s}[data-sonner-toast][data-x-position=right]{right:0}[data-sonner-toast][data-x-position=left]{left:0}[data-sonner-toast][data-expanded=false][data-front=false][data-styled=true]>*{opacity:0}[data-sonner-toast][data-visible=false]{opacity:0;pointer-events:none}[data-sonner-toast][data-mounted=true][data-expanded=true]{--y:translateY(calc(var(--lift) * var(--offset)));height:var(--initial-height)}[data-sonner-toast][data-removed=true][data-front=true][data-swipe-out=false]{--y:translateY(calc(var(--lift) * -100%));opacity:0}[data-sonner-toast][data-removed=true][data-front=false][data-swipe-out=false][data-expanded=true]{--y:translateY(calc(var(--lift) * var(--offset) + var(--lift) * -100%));opacity:0}[data-sonner-toast][data-removed=true][data-front=false][data-swipe-out=false][data-expanded=false]{--y:translateY(40%);opacity:0;transition:transform .5s,opacity .2s}[data-sonner-toast][data-removed=true][data-front=false]::before{height:calc(var(--initial-height) + 20%)}[data-sonner-toast][data-swiping=true]{transform:var(--y) translateY(var(--swipe-amount-y,0)) translateX(var(--swipe-amount-x,0));transition:none}[data-sonner-toast][data-swiped=true]{user-select:none}[data-sonner-toast][data-swipe-out=true][data-y-position=bottom],[data-sonner-toast][data-swipe-out=true][data-y-position=top]{animation-duration:.2s;animation-timing-function:ease-out;animation-fill-mode:forwards}[data-sonner-toast][data-swipe-out=true][data-swipe-direction=left]{animation-name:swipe-out-left}[data-sonner-toast][data-swipe-out=true][data-swipe-direction=right]{animation-name:swipe-out-right}[data-sonner-toast][data-swipe-out=true][data-swipe-direction=up]{animation-name:swipe-out-up}[data-sonner-toast][data-swipe-out=true][data-swipe-direction=down]{animation-name:swipe-out-down}@keyframes swipe-out-left{from{transform:var(--y) translateX(var(--swipe-amount-x));opacity:1}to{transform:var(--y) translateX(calc(var(--swipe-amount-x) - 100%));opacity:0}}@keyframes swipe-out-right{from{transform:var(--y) translateX(var(--swipe-amount-x));opacity:1}to{transform:var(--y) translateX(calc(var(--swipe-amount-x) + 100%));opacity:0}}@keyframes swipe-out-up{from{transform:var(--y) translateY(var(--swipe-amount-y));opacity:1}to{transform:var(--y) translateY(calc(var(--swipe-amount-y) - 100%));opacity:0}}@keyframes swipe-out-down{from{transform:var(--y) translateY(var(--swipe-amount-y));opacity:1}to{transform:var(--y) translateY(calc(var(--swipe-amount-y) + 100%));opacity:0}}@media (max-width:600px){[data-sonner-toaster]{position:fixed;right:var(--mobile-offset-right);left:var(--mobile-offset-left);width:100%}[data-sonner-toaster][dir=rtl]{left:calc(var(--mobile-offset-left) * -1)}[data-sonner-toaster] [data-sonner-toast]{left:0;right:0;width:calc(100% - var(--mobile-offset-left) * 2)}[data-sonner-toaster][data-x-position=left]{left:var(--mobile-offset-left)}[data-sonner-toaster][data-y-position=bottom]{bottom:var(--mobile-offset-bottom)}[data-sonner-toaster][data-y-position=top]{top:var(--mobile-offset-top)}[data-sonner-toaster][data-x-position=center]{left:var(--mobile-offset-left);right:var(--mobile-offset-right);transform:none}}[data-sonner-toaster][data-sonner-theme=light]{--normal-bg:#fff;--normal-border:var(--gray4);--normal-text:var(--gray12);--success-bg:hsl(143, 85%, 96%);--success-border:hsl(145, 92%, 87%);--success-text:hsl(140, 100%, 27%);--info-bg:hsl(208, 100%, 97%);--info-border:hsl(221, 91%, 93%);--info-text:hsl(210, 92%, 45%);--warning-bg:hsl(49, 100%, 97%);--warning-border:hsl(49, 91%, 84%);--warning-text:hsl(31, 92%, 45%);--error-bg:hsl(359, 100%, 97%);--error-border:hsl(359, 100%, 94%);--error-text:hsl(360, 100%, 45%)}[data-sonner-toaster][data-sonner-theme=light] [data-sonner-toast][data-invert=true]{--normal-bg:#000;--normal-border:hsl(0, 0%, 20%);--normal-text:var(--gray1)}[data-sonner-toaster][data-sonner-theme=dark] [data-sonner-toast][data-invert=true]{--normal-bg:#fff;--normal-border:var(--gray3);--normal-text:var(--gray12)}[data-sonner-toaster][data-sonner-theme=dark]{--normal-bg:#000;--normal-bg-hover:hsl(0, 0%, 12%);--normal-border:hsl(0, 0%, 20%);--normal-border-hover:hsl(0, 0%, 25%);--normal-text:var(--gray1);--success-bg:hsl(150, 100%, 6%);--success-border:hsl(147, 100%, 12%);--success-text:hsl(150, 86%, 65%);--info-bg:hsl(215, 100%, 6%);--info-border:hsl(223, 43%, 17%);--info-text:hsl(216, 87%, 65%);--warning-bg:hsl(64, 100%, 6%);--warning-border:hsl(60, 100%, 9%);--warning-text:hsl(46, 87%, 65%);--error-bg:hsl(358, 76%, 10%);--error-border:hsl(357, 89%, 16%);--error-text:hsl(358, 100%, 81%)}[data-sonner-toaster][data-sonner-theme=dark] [data-sonner-toast] [data-close-button]{background:var(--normal-bg);border-color:var(--normal-border);color:var(--normal-text)}[data-sonner-toaster][data-sonner-theme=dark] [data-sonner-toast] [data-close-button]:hover{background:var(--normal-bg-hover);border-color:var(--normal-border-hover)}[data-rich-colors=true][data-sonner-toast][data-type=success]{background:var(--success-bg);border-color:var(--success-border);color:var(--success-text)}[data-rich-colors=true][data-sonner-toast][data-type=success] [data-close-button]{background:var(--success-bg);border-color:var(--success-border);color:var(--success-text)}[data-rich-colors=true][data-sonner-toast][data-type=info]{background:var(--info-bg);border-color:var(--info-border);color:var(--info-text)}[data-rich-colors=true][data-sonner-toast][data-type=info] [data-close-button]{background:var(--info-bg);border-color:var(--info-border);color:var(--info-text)}[data-rich-colors=true][data-sonner-toast][data-type=warning]{background:var(--warning-bg);border-color:var(--warning-border);color:var(--warning-text)}[data-rich-colors=true][data-sonner-toast][data-type=warning] [data-close-button]{background:var(--warning-bg);border-color:var(--warning-border);color:var(--warning-text)}[data-rich-colors=true][data-sonner-toast][data-type=error]{background:var(--error-bg);border-color:var(--error-border);color:var(--error-text)}[data-rich-colors=true][data-sonner-toast][data-type=error] [data-close-button]{background:var(--error-bg);border-color:var(--error-border);color:var(--error-text)}.sonner-loading-wrapper{--size:16px;height:var(--size);width:var(--size);position:absolute;inset:0;z-index:10}.sonner-loading-wrapper[data-visible=false]{transform-origin:center;animation:sonner-fade-out .2s ease forwards}.sonner-spinner{position:relative;top:50%;left:50%;height:var(--size);width:var(--size)}.sonner-loading-bar{animation:sonner-spin 1.2s linear infinite;background:var(--gray11);border-radius:6px;height:8%;left:-10%;position:absolute;top:-3.9%;width:24%}.sonner-loading-bar:first-child{animation-delay:-1.2s;transform:rotate(.0001deg) translate(146%)}.sonner-loading-bar:nth-child(2){animation-delay:-1.1s;transform:rotate(30deg) translate(146%)}.sonner-loading-bar:nth-child(3){animation-delay:-1s;transform:rotate(60deg) translate(146%)}.sonner-loading-bar:nth-child(4){animation-delay:-.9s;transform:rotate(90deg) translate(146%)}.sonner-loading-bar:nth-child(5){animation-delay:-.8s;transform:rotate(120deg) translate(146%)}.sonner-loading-bar:nth-child(6){animation-delay:-.7s;transform:rotate(150deg) translate(146%)}.sonner-loading-bar:nth-child(7){animation-delay:-.6s;transform:rotate(180deg) translate(146%)}.sonner-loading-bar:nth-child(8){animation-delay:-.5s;transform:rotate(210deg) translate(146%)}.sonner-loading-bar:nth-child(9){animation-delay:-.4s;transform:rotate(240deg) translate(146%)}.sonner-loading-bar:nth-child(10){animation-delay:-.3s;transform:rotate(270deg) translate(146%)}.sonner-loading-bar:nth-child(11){animation-delay:-.2s;transform:rotate(300deg) translate(146%)}.sonner-loading-bar:nth-child(12){animation-delay:-.1s;transform:rotate(330deg) translate(146%)}@keyframes sonner-fade-in{0%{opacity:0;transform:scale(.8)}100%{opacity:1;transform:scale(1)}}@keyframes sonner-fade-out{0%{opacity:1;transform:scale(1)}100%{opacity:0;transform:scale(.8)}}@keyframes sonner-spin{0%{opacity:1}100%{opacity:.15}}@media (prefers-reduced-motion){.sonner-loading-bar,[data-sonner-toast],[data-sonner-toast]>*{transition:none!important;animation:none!important}}.sonner-loader{position:absolute;top:50%;left:50%;transform:translate(-50%,-50%);transform-origin:center;transition:opacity .2s,transform .2s}.sonner-loader[data-visible=false]{opacity:0;transform:scale(.8) translate(-50%,-50%)}</style><style id="_goober"> @keyframes go2264125279{from{transform:scale(0) rotate(45deg);opacity:0;}to{transform:scale(1) rotate(45deg);opacity:1;}}@keyframes go3020080000{from{transform:scale(0);opacity:0;}to{transform:scale(1);opacity:1;}}@keyframes go463499852{from{transform:scale(0) rotate(90deg);opacity:0;}to{transform:scale(1) rotate(90deg);opacity:1;}}@keyframes go1268368563{from{transform:rotate(0deg);}to{transform:rotate(360deg);}}@keyframes go1310225428{from{transform:scale(0) rotate(45deg);opacity:0;}to{transform:scale(1) rotate(45deg);opacity:1;}}@keyframes go651618207{0%{height:0;width:0;opacity:0;}40%{height:0;width:6px;opacity:1;}100%{opacity:1;height:10px;}}@keyframes go901347462{from{transform:scale(0.6);opacity:0.4;}to{transform:scale(1);opacity:1;}}.go4109123758{z-index:9999;}.go4109123758 > *{pointer-events:auto;}</style></head><body class="h-full" style="font-family:var(--font-inter), system-ui, sans-serif"><div hidden=""><!--$--><!--/$--></div><div data-rht-toaster="" style="position:fixed;z-index:9999;top:16px;left:16px;right:16px;bottom:16px;pointer-events:none"></div><div class="min-h-screen bg-[#0a0a0a] flex items-center justify-center p-4 selection:bg-emerald-500/30"><div class="fixed top-0 left-0 w-full h-full overflow-hidden -z-10"><div class="absolute top-[-10%] left-[-10%] w-[40%] h-[40%] bg-emerald-500/10 blur-[120px] rounded-full animate-pulse"></div><div class="absolute bottom-[-10%] right-[-10%] w-[40%] h-[40%] bg-blue-500/10 blur-[120px] rounded-full"></div></div><div class="w-full max-w-md bg-white/5 backdrop-blur-xl border border-white/10 rounded-3xl p-8 shadow-2xl animate-in fade-in zoom-in duration-500"><div class="text-center mb-8"><div class="w-16 h-16 bg-emerald-500/10 rounded-2xl flex items-center justify-center mx-auto mb-4 border border-emerald-500/20"><svg xmlns="http://www.w3.org/2000/svg" width="32" height="32" viewBox="0 0 24 24" fill="none" stroke="currentColor" stroke-width="2" stroke-linecap="round" stroke-linejoin="round" class="lucide lucide-shield-check text-emerald-500" aria-hidden="true"><path d="M20 13c0 5-3.5 7.5-7.66 8.95a1 1 0 0 1-.67-.01C7.5 20.5 4 18 4 13V6a1 1 0 0 1 1-1c2 0 4.5-1.2 6.24-2.72a1.17 1.17 0 0 1 1.52 0C14.51 3.81 17 5 19 5a1 1 0 0 1 1 1z"></path><path d="m9 12 2 2 4-4"></path></svg></div><h1 class="text-3xl font-black text-white tracking-tight">Welcome Back</h1><p class="text-white/50 text-sm mt-2">Login to manage your business</p></div><form class="space-y-4"><div class="relative group animate-in slide-in-from-top-2"><svg xmlns="http://www.w3.org/2000/svg" width="18" height="18" viewBox="0 0 24 24" fill="none" stroke="currentColor" stroke-width="2" stroke-linecap="round" stroke-linejoin="round" class="lucide lucide-mail absolute left-4 top-1/2 -translate-y-1/2 text-white/30 group-focus-within:text-emerald-500 transition-colors" aria-hidden="true"><path d="m22 7-8.991 5.727a2 2 0 0 1-2.009 0L2 7"></path><rect x="2" y="4" width="20" height="16" rx="2"></rect></svg><input type="text" placeholder="Email or Phone Number" required="" class="w-full bg-white/5 border border-white/10 rounded-2xl py-4 pl-12 pr-4 text-white placeholder:text-white/20 focus:outline-none focus:border-emerald-500/50 focus:bg-white/10 transition-all" name="email" value=""></div><div class="relative group"><svg xmlns="http://www.w3.org/2000/svg" width="18" height="18" viewBox="0 0 24 24" fill="none" stroke="currentColor" stroke-width="2" stroke-linecap="round" stroke-linejoin="round" class="lucide lucide-lock absolute left-4 top-1/2 -translate-y-1/2 text-white/30 group-focus-within:text-emerald-500 transition-colors" aria-hidden="true"><rect width="18" height="11" x="3" y="11" rx="2" ry="2"></rect><path d="M7 11V7a5 5 0 0 1 10 0v4"></path></svg><input type="password" placeholder="Password" required="" class="w-full bg-white/5 border border-white/10 rounded-2xl py-4 pl-12 pr-12 text-white placeholder:text-white/20 focus:outline-none focus:border-emerald-500/50 focus:bg-white/10 transition-all" name="password" value=""><button type="button" class="absolute right-4 top-1/2 -translate-y-1/2 text-white/20 hover:text-white/60 transition-colors"><svg xmlns="http://www.w3.org/2000/svg" width="18" height="18" viewBox="0 0 24 24" fill="none" stroke="currentColor" stroke-width="2" stroke-linecap="round" stroke-linejoin="round" class="lucide lucide-eye" aria-hidden="true"><path d="M2.062 12.348a1 1 0 0 1 0-.696 10.75 10.75 0 0 1 19.876 0 1 1 0 0 1 0 .696 10.75 10.75 0 0 1-19.876 0"></path><circle cx="12" cy="12" r="3"></circle></svg></button></div><div class="flex justify-end px-1"><button type="button" class="text-xs font-bold text-white/30 hover:text-emerald-500 transition-colors uppercase tracking-widest">Forgot Password?</button></div><button type="submit" class="w-full bg-emerald-500 hover:bg-emerald-600 shadow-emerald-500/20 disabled:opacity-50 text-[#0a0a0a] font-bold py-4 rounded-2xl flex items-center justify-center gap-2 transition-all active:scale-[0.98] shadow-lg">Login<svg xmlns="http://www.w3.org/2000/svg" width="18" height="18" viewBox="0 0 24 24" fill="none" stroke="currentColor" stroke-width="2" stroke-linecap="round" stroke-linejoin="round" class="lucide lucide-arrow-right" aria-hidden="true"><path d="M5 12h14"></path><path d="m12 5 7 7-7 7"></path></svg></button><div class="mt-8 text-center text-sm"><p class="text-white/40 font-medium">Don't have an account?<!-- --> <button class="text-emerald-500 font-bold hover:underline ml-1">Sign Up</button></p></div><div class="mt-6 pt-6 border-t border-white/10 text-center"><p class="text-white/30 text-[10px] font-black uppercase tracking-widest mb-4">Need Help?</p><div class="flex flex-col gap-3"><a href="tel:+919403893991" class="flex items-center justify-center gap-2 text-white/50 hover:text-emerald-500 transition-colors text-xs font-bold bg-white/5 py-2 rounded-xl border border-white/5"><svg xmlns="http://www.w3.org/2000/svg" width="14" height="14" viewBox="0 0 24 24" fill="none" stroke="currentColor" stroke-width="2" stroke-linecap="round" stroke-linejoin="round" class="lucide lucide-phone" aria-hidden="true"><path d="M13.832 16.568a1 1 0 0 0 1.213-.303l.355-.465A2 2 0 0 1 17 15h3a2 2 0 0 1 2 2v3a2 2 0 0 1-2 2A18 18 0 0 1 2 4a2 2 0 0 1 2-2h3a2 2 0 0 1 2 2v3a2 2 0 0 1-.8 1.6l-.468.351a1 1 0 0 0-.292 1.233 14 14 0 0 0 6.392 6.384"></path></svg> Call Support: +91 9403893991</a><a href="https://wa.me/919289507882" target="_blank" rel="noopener noreferrer" class="flex items-center justify-center gap-2 text-white/50 hover:text-emerald-500 transition-colors text-xs font-bold bg-white/5 py-2 rounded-xl border border-white/5"><svg xmlns="http://www.w3.org/2000/svg" width="14" height="14" viewBox="0 0 24 24" fill="none" stroke="currentColor" stroke-width="2" stroke-linecap="round" stroke-linejoin="round" class="lucide lucide-message-square" aria-hidden="true"><path d="M22 17a2 2 0 0 1-2 2H6.828a2 2 0 0 0-1.414.586l-2.202 2.202A.71.71 0 0 1 2 21.286V5a2 2 0 0 1 2-2h16a2 2 0 0 1 2 2z"></path></svg> WhatsApp: +91 9289507882</a></div></div></form></div></div><!--$--><!--/$--><section aria-label="Notifications alt+T" tabindex="-1" aria-live="polite" aria-relevant="additions text" aria-atomic="false"></section><script src="/_next/static/chunks/webpack-6fc1f9282f6d0e53.js" async=""></script><script>(self.__next_f=self.__next_f||[]).push([0])</script><script>self.__next_f.push([1,"1:\"$Sreact.fragment\"\n2:I[29808,[\"4521\",\"static/chunks/4521-3ce0632c81905e73.js\",\"6671\",\"static/chunks/6671-2c59fdb17d65f45d.js\",\"7177\",\"static/chunks/app/layout-c61016ad7b8a610f.js\"],\"default\"]\n3:\"$Sreact.suspense\"\n4:I[16259,[\"4521\",\"static/chunks/4521-3ce0632c81905e73.js\",\"6671\",\"static/chunks/6671-2c59fdb17d65f45d.js\",\"7177\",\"static/chunks/app/layout-c61016ad7b8a610f.js\"],\"default\"]\n5:I[87555,[],\"\"]\n6:I[51901,[\"8039\",\"static/chunks/app/error-b72f84e42a584e31.js\"],\"default\"]\n7:I[31295,[],\"\"]\n8:I[56671,[\"4521\",\"static/chunks/4521-3ce0632c81905e73.js\",\"6671\",\"static/chunks/6671-2c59fdb17d65f45d.js\",\"7177\",\"static/chunks/app/layout-c61016ad7b8a610f.js\"],\"Toaster\"]\n9:I[90894,[],\"ClientPageRoot\"]\na:I[52252,[\"6671\",\"static/chunks/6671-2c59fdb17d65f45d.js\",\"8641\",\"static/chunks/app/auth/custom/page-96d15ebe4a5fa9a3.js\"],\"default\"]\nd:I[59665,[],\"OutletBoundary\"]\n10:I[74911,[],\"AsyncMetadataOutlet\"]\n12:I[59665,[],\"ViewportBoundary\"]\n14:I[59665,[],\"MetadataBoundary\"]\n16:I[98385,[\"4219\",\"static/chunks/app/global-error-07379679dbd81aac.js\"],\"default\"]\n:HL[\"/_next/static/media/e4af272ccee01ff0-s.p.woff2\",\"font\",{\"crossOrigin\":\"\",\"type\":\"font/woff2\"}]\n:HL[\"/_next/static/css/45079e0a57e524ee.css\",\"style\"]\n:HL[\"/_next/static/css/47f3de3c41ad536b.css\",\"style\"]\n"])</script><script>self.__next_f.push([1,"0:{\"P\":null,\"b\":\"1mzAOdPpJK5kqb1wKOgNH\",\"p\":\"\",\"c\":[\"\",\"auth\",\"custom\"],\"i\":false,\"f\":[[[\"\",{\"children\":[\"auth\",{\"children\":[\"custom\",{\"children\":[\"__PAGE__\",{}]}]}]},\"$undefined\",\"$undefined\",true],[\"\",[\"$\",\"$1\",\"c\",{\"children\":[[[\"$\",\"link\",\"0\",{\"rel\":\"stylesheet\",\"href\":\"/_next/static/css/45079e0a57e524ee.css\",\"precedence\":\"next\",\"crossOrigin\":\"$undefined\",\"nonce\":\"$undefined\"}],[\"$\",\"link\",\"1\",{\"rel\":\"stylesheet\",\"href\":\"/_next/static/css/47f3de3c41ad536b.css\",\"precedence\":\"next\",\"crossOrigin\":\"$undefined\",\"nonce\":\"$undefined\"}]],[\"$\",\"html\",null,{\"lang\":\"en\",\"className\":\"__variable_472ac2 h-full\",\"children\":[\"$\",\"body\",null,{\"className\":\"h-full\",\"style\":{\"fontFamily\":\"var(--font-inter), system-ui, sans-serif\"},\"children\":[\"$\",\"$L2\",null,{\"children\":[[\"$\",\"$3\",null,{\"fallback\":null,\"children\":[\"$\",\"$L4\",null,{}]}],[\"$\",\"$L5\",null,{\"parallelRouterKey\":\"children\",\"error\":\"$6\",\"errorStyles\":[],\"errorScripts\":[],\"template\":[\"$\",\"$L7\",null,{}],\"templateStyles\":\"$undefined\",\"templateScripts\":\"$undefined\",\"notFound\":[[[\"$\",\"title\",null,{\"children\":\"404: This page could not be found.\"}],[\"$\",\"div\",null,{\"style\":{\"fontFamily\":\"system-ui,\\\"Segoe UI\\\",Roboto,Helvetica,Arial,sans-serif,\\\"Apple Color Emoji\\\",\\\"Segoe UI Emoji\\\"\",\"height\":\"100vh\",\"textAlign\":\"center\",\"display\":\"flex\",\"flexDirection\":\"column\",\"alignItems\":\"center\",\"justifyContent\":\"center\"},\"children\":[\"$\",\"div\",null,{\"children\":[[\"$\",\"style\",null,{\"dangerouslySetInnerHTML\":{\"__html\":\"body{color:#000;background:#fff;margin:0}.next-error-h1{border-right:1px solid rgba(0,0,0,.3)}@media (prefers-color-scheme:dark){body{color:#fff;background:#000}.next-error-h1{border-right:1px solid rgba(255,255,255,.3)}}\"}}],[\"$\",\"h1\",null,{\"className\":\"next-error-h1\",\"style\":{\"display\":\"inline-block\",\"margin\":\"0 20px 0 0\",\"padding\":\"0 23px 0 0\",\"fontSize\":24,\"fontWeight\":500,\"verticalAlign\":\"top\",\"lineHeight\":\"49px\"},\"children\":404}],[\"$\",\"div\",null,{\"style\":{\"display\":\"inline-block\"},\"children\":[\"$\",\"h2\",null,{\"style\":{\"fontSize\":14,\"fontWeight\":400,\"lineHeight\":\"49px\",\"margin\":0},\"children\":\"This page could not be found.\"}]}]]}]}]],[]],\"forbidden\":\"$undefined\",\"unauthorized\":\"$undefined\"}],[\"$\",\"$L8\",null,{\"richColors\":true,\"position\":\"top-right\"}]]}]}]}]]}],{\"children\":[\"auth\",[\"$\",\"$1\",\"c\",{\"children\":[null,[\"$\",\"$L5\",null,{\"parallelRouterKey\":\"children\",\"error\":\"$undefined\",\"errorStyles\":\"$undefined\",\"errorScripts\":\"$undefined\",\"template\":[\"$\",\"$L7\",null,{}],\"templateStyles\":\"$undefined\",\"templateScripts\":\"$undefined\",\"notFound\":\"$undefined\",\"forbidden\":\"$undefined\",\"unauthorized\":\"$undefined\"}]]}],{\"children\":[\"custom\",[\"$\",\"$1\",\"c\",{\"children\":[null,[\"$\",\"$L5\",null,{\"parallelRouterKey\":\"children\",\"error\":\"$undefined\",\"errorStyles\":\"$undefined\",\"errorScripts\":\"$undefined\",\"template\":[\"$\",\"$L7\",null,{}],\"templateStyles\":\"$undefined\",\"templateScripts\":\"$undefined\",\"notFound\":\"$undefined\",\"forbidden\":\"$undefined\",\"unauthorized\":\"$undefined\"}]]}],{\"children\":[\"__PAGE__\",[\"$\",\"$1\",\"c\",{\"children\":[[\"$\",\"$L9\",null,{\"Component\":\"$a\",\"searchParams\":{},\"params\":{},\"promises\":[\"$@b\",\"$@c\"]}],null,[\"$\",\"$Ld\",null,{\"children\":[\"$Le\",\"$Lf\",[\"$\",\"$L10\",null,{\"promise\":\"$@11\"}]]}]]}],{},null,false]},null,false]},null,false]},null,false],[\"$\",\"$1\",\"h\",{\"children\":[null,[\"$\",\"$1\",\"iSCARjJ7fpuvyNBxE8h9Ov\",{\"children\":[[\"$\",\"$L12\",null,{\"children\":\"$L13\"}],[\"$\",\"meta\",null,{\"name\":\"next-size-adjust\",\"content\":\"\"}]]}],[\"$\",\"$L14\",null,{\"children\":\"$L15\"}]]}],false]],\"m\":\"$undefined\",\"G\":[\"$16\",[]],\"s\":false,\"S\":true}\n"])</script><script>self.__next_f.push([1,"17:I[74911,[],\"AsyncMetadata\"]\nb:{}\nc:{}\n15:[\"$\",\"div\",null,{\"hidden\":true,\"children\":[\"$\",\"$3\",null,{\"fallback\":null,\"children\":[\"$\",\"$L17\",null,{\"promise\":\"$@18\"}]}]}]\n"])</script><script>self.__next_f.push([1,"f:null\n"])</script><script>self.__next_f.push([1,"13:[[\"$\",\"meta\",\"0\",{\"charSet\":\"utf-8\"}],[\"$\",\"meta\",\"1\",{\"name\":\"viewport\",\"content\":\"width=device-width, initial-scale=1\"}],[\"$\",\"meta\",\"2\",{\"name\":\"theme-color\",\"content\":\"#FF6B35\"}]]\ne:null\n"])</script><script>self.__next_f.push([1,"11:{\"metadata\":[[\"$\",\"title\",\"0\",{\"children\":\"KravyPOS — Smart Billing System\"}],[\"$\",\"meta\",\"1\",{\"name\":\"description\",\"content\":\"Modern point-of-sale and billing system for restaurants and retail\"}],[\"$\",\"meta\",\"2\",{\"name\":\"application-name\",\"content\":\"KravyPOS\"}],[\"$\",\"meta\",\"3\",{\"name\":\"mobile-web-app-capable\",\"content\":\"yes\"}],[\"$\",\"meta\",\"4\",{\"name\":\"apple-mobile-web-app-title\",\"content\":\"KravyPOS\"}],[\"$\",\"meta\",\"5\",{\"name\":\"apple-mobile-web-app-status-bar-style\",\"content\":\"default\"}],[\"$\",\"link\",\"6\",{\"rel\":\"shortcut icon\",\"href\":\"/favicon.ico\"}],[\"$\",\"link\",\"7\",{\"rel\":\"icon\",\"href\":\"/favicon.ico\",\"type\":\"image/x-icon\",\"sizes\":\"1024x1024\"}],[\"$\",\"link\",\"8\",{\"rel\":\"icon\",\"href\":\"/favicon.ico\"}],[\"$\",\"link\",\"9\",{\"rel\":\"apple-touch-icon\",\"href\":\"/favicon.ico\"}]],\"error\":null,\"digest\":\"$undefined\"}\n18:{\"metadata\":\"$11:metadata\",\"error\":null,\"digest\":\"$undefined\"}\n"])</script><next-route-announcer style="position: absolute;"></next-route-announcer></body></html>
Running iteration 3...
Navigating to page...
>> GET http://localhost:3001/dashboard/menu/view
>> GET http://localhost:3001/_next/static/media/e4af272ccee01ff0-s.p.woff2
>> GET http://localhost:3001/_next/static/css/45079e0a57e524ee.css
>> GET http://localhost:3001/_next/static/css/47f3de3c41ad536b.css
>> GET http://localhost:3001/_next/static/css/3af04494612e9fab.css
>> GET http://localhost:3001/_next/static/chunks/webpack-6fc1f9282f6d0e53.js
>> GET http://localhost:3001/_next/static/chunks/4bd1b696-e71b66d225d8e45f.js
>> GET http://localhost:3001/_next/static/chunks/1684-23dc285c52887576.js
>> GET http://localhost:3001/_next/static/chunks/main-app-15f8366be760b6fd.js
>> GET http://localhost:3001/_next/static/chunks/4521-3ce0632c81905e73.js
>> GET http://localhost:3001/_next/static/chunks/6671-2c59fdb17d65f45d.js
>> GET http://localhost:3001/_next/static/chunks/app/layout-c61016ad7b8a610f.js
>> GET http://localhost:3001/_next/static/chunks/app/error-b72f84e42a584e31.js
>> GET http://localhost:3001/_next/static/chunks/4493-56a77b934a3f9e02.js
>> GET http://localhost:3001/_next/static/chunks/5430-2533ed21105f9380.js
>> GET http://localhost:3001/_next/static/chunks/1906-df48f4ff2ab5abdc.js
>> GET http://localhost:3001/_next/static/chunks/6996-2ef1a0a1a25bc150.js
>> GET http://localhost:3001/_next/static/chunks/980-5d9864478dbc009e.js
>> GET http://localhost:3001/_next/static/chunks/2609-807dfa739acc9e04.js
>> GET http://localhost:3001/_next/static/chunks/app/dashboard/layout-80035c79d0c13dbf.js
>> GET http://localhost:3001/_next/static/chunks/2010-72b0f30111c46eb2.js
>> GET http://localhost:3001/_next/static/chunks/3063-204cbd4bc32934ab.js
>> GET http://localhost:3001/_next/static/chunks/4244-bf9ae61a055766c4.js
>> GET http://localhost:3001/_next/static/chunks/5059-26a1e9826782b476.js
>> GET http://localhost:3001/_next/static/chunks/app/dashboard/menu/view/page-97fa30a3743f2f0d.js
>> GET http://localhost:3001/_next/static/chunks/app/global-error-07379679dbd81aac.js
Waiting for list to render...
>> GET http://localhost:3001/api/user/me
>> GET http://localhost:3001/api/user/me
>> GET http://localhost:3001/api/notifications
>> GET http://localhost:3001/api/profile
>> GET http://localhost:3001/api/user/me
>> GET http://localhost:3001/api/profile
>> GET http://localhost:3001/api/menu-editor/addon-groups
>> GET http://localhost:3001/api/menu/view?t=1789451999410
[MOCK] Intercepted /api/menu/view
>> GET http://localhost:3001/api/categories?t=1789451999410
>> GET http://localhost:3001/api/profile/zones
>> GET http://localhost:3001/api/profile
>> GET http://localhost:3001/kravylogo.png
CONSOLE: Failed to load resource: the server responded with a status of 401 (Unauthorized)
CONSOLE ERROR: Failed to load resource: the server responded with a status of 401 (Unauthorized)
>> POST http://localhost:3001/api/auth/refresh-token
>> GET http://localhost:3001/_next/static/media/8e9860b6e62d6359-s.woff2
CONSOLE: Failed to load resource: the server responded with a status of 401 (Unauthorized)
CONSOLE ERROR: Failed to load resource: the server responded with a status of 401 (Unauthorized)
CONSOLE: [Auth] Custom token refresh failed (401): {"success":false,"message":"No refresh token provided"}
CONSOLE: [Auth] Custom token refresh failed (401): {"success":false,"message":"No refresh token provided"}
>> POST http://localhost:3001/api/staff/refresh-token
CONSOLE: Failed to load resource: the server responded with a status of 401 (Unauthorized)
CONSOLE ERROR: Failed to load resource: the server responded with a status of 401 (Unauthorized)
CONSOLE: [Auth] Staff token refresh failed (401): {"success":false,"message":"No refresh token provided"}
CONSOLE: [Auth] Staff token refresh failed (401): {"success":false,"message":"No refresh token provided"}
>> POST http://localhost:3001/api/auth/logout
>> GET http://localhost:3001/auth/custom?error=session_expired
>> GET http://localhost:3001/_next/static/media/e4af272ccee01ff0-s.p.woff2
>> GET http://localhost:3001/_next/static/css/45079e0a57e524ee.css
>> GET http://localhost:3001/_next/static/css/47f3de3c41ad536b.css
>> GET http://localhost:3001/_next/static/chunks/webpack-6fc1f9282f6d0e53.js
>> GET http://localhost:3001/_next/static/chunks/4bd1b696-e71b66d225d8e45f.js
>> GET http://localhost:3001/_next/static/chunks/1684-23dc285c52887576.js
>> GET http://localhost:3001/_next/static/chunks/main-app-15f8366be760b6fd.js
>> GET http://localhost:3001/_next/static/chunks/4521-3ce0632c81905e73.js
>> GET http://localhost:3001/_next/static/chunks/6671-2c59fdb17d65f45d.js
>> GET http://localhost:3001/_next/static/chunks/app/layout-c61016ad7b8a610f.js
>> GET http://localhost:3001/_next/static/chunks/app/error-b72f84e42a584e31.js
>> GET http://localhost:3001/_next/static/chunks/app/auth/custom/page-96d15ebe4a5fa9a3.js
>> GET http://localhost:3001/_next/static/chunks/app/global-error-07379679dbd81aac.js
Failed to render initial state.
<!DOCTYPE html><html lang="en" class="__variable_472ac2 h-full"><head><meta charset="utf-8"><meta name="viewport" content="width=device-width, initial-scale=1"><link rel="preload" href="/_next/static/media/e4af272ccee01ff0-s.p.woff2" as="font" crossorigin="" type="font/woff2"><link rel="stylesheet" href="/_next/static/css/45079e0a57e524ee.css" data-precedence="next"><link rel="stylesheet" href="/_next/static/css/47f3de3c41ad536b.css" data-precedence="next"><link rel="preload" as="script" fetchpriority="low" href="/_next/static/chunks/webpack-6fc1f9282f6d0e53.js"><script src="/_next/static/chunks/4bd1b696-e71b66d225d8e45f.js" async=""></script><script src="/_next/static/chunks/1684-23dc285c52887576.js" async=""></script><script src="/_next/static/chunks/main-app-15f8366be760b6fd.js" async=""></script><meta name="next-size-adjust" content=""><meta name="theme-color" content="#FF6B35"><title>KravyPOS — Smart Billing System</title><meta name="description" content="Modern point-of-sale and billing system for restaurants and retail"><meta name="application-name" content="KravyPOS"><meta name="mobile-web-app-capable" content="yes"><meta name="apple-mobile-web-app-title" content="KravyPOS"><meta name="apple-mobile-web-app-status-bar-style" content="default"><link rel="shortcut icon" href="/favicon.ico"><link rel="icon" href="/favicon.ico" type="image/x-icon" sizes="1024x1024"><link rel="icon" href="/favicon.ico"><link rel="apple-touch-icon" href="/favicon.ico"><script>document.querySelectorAll('body link[rel="icon"], body link[rel="apple-touch-icon"]').forEach(el => document.head.appendChild(el))</script><script src="/_next/static/chunks/polyfills-42372ed130431b0a.js" nomodule=""></script><style type="text/css">[data-sonner-toaster][dir=ltr],html[dir=ltr]{--toast-icon-margin-start:-3px;--toast-icon-margin-end:4px;--toast-svg-margin-start:-1px;--toast-svg-margin-end:0px;--toast-button-margin-start:auto;--toast-button-margin-end:0;--toast-close-button-start:0;--toast-close-button-end:unset;--toast-close-button-transform:translate(-35%, -35%)}[data-sonner-toaster][dir=rtl],html[dir=rtl]{--toast-icon-margin-start:4px;--toast-icon-margin-end:-3px;--toast-svg-margin-start:0px;--toast-svg-margin-end:-1px;--toast-button-margin-start:0;--toast-button-margin-end:auto;--toast-close-button-start:unset;--toast-close-button-end:0;--toast-close-button-transform:translate(35%, -35%)}[data-sonner-toaster]{position:fixed;width:var(--width);font-family:ui-sans-serif,system-ui,-apple-system,BlinkMacSystemFont,Segoe UI,Roboto,Helvetica Neue,Arial,Noto Sans,sans-serif,Apple Color Emoji,Segoe UI Emoji,Segoe UI Symbol,Noto Color Emoji;--gray1:hsl(0, 0%, 99%);--gray2:hsl(0, 0%, 97.3%);--gray3:hsl(0, 0%, 95.1%);--gray4:hsl(0, 0%, 93%);--gray5:hsl(0, 0%, 90.9%);--gray6:hsl(0, 0%, 88.7%);--gray7:hsl(0, 0%, 85.8%);--gray8:hsl(0, 0%, 78%);--gray9:hsl(0, 0%, 56.1%);--gray10:hsl(0, 0%, 52.3%);--gray11:hsl(0, 0%, 43.5%);--gray12:hsl(0, 0%, 9%);--border-radius:8px;box-sizing:border-box;padding:0;margin:0;list-style:none;outline:0;z-index:999999999;transition:transform .4s ease}@media (hover:none) and (pointer:coarse){[data-sonner-toaster][data-lifted=true]{transform:none}}[data-sonner-toaster][data-x-position=right]{right:var(--offset-right)}[data-sonner-toaster][data-x-position=left]{left:var(--offset-left)}[data-sonner-toaster][data-x-position=center]{left:50%;transform:translateX(-50%)}[data-sonner-toaster][data-y-position=top]{top:var(--offset-top)}[data-sonner-toaster][data-y-position=bottom]{bottom:var(--offset-bottom)}[data-sonner-toast]{--y:translateY(100%);--lift-amount:calc(var(--lift) * var(--gap));z-index:var(--z-index);position:absolute;opacity:0;transform:var(--y);touch-action:none;transition:transform .4s,opacity .4s,height .4s,box-shadow .2s;box-sizing:border-box;outline:0;overflow-wrap:anywhere}[data-sonner-toast][data-styled=true]{padding:16px;background:var(--normal-bg);border:1px solid var(--normal-border);color:var(--normal-text);border-radius:var(--border-radius);box-shadow:0 4px 12px rgba(0,0,0,.1);width:var(--width);font-size:13px;display:flex;align-items:center;gap:6px}[data-sonner-toast]:focus-visible{box-shadow:0 4px 12px rgba(0,0,0,.1),0 0 0 2px rgba(0,0,0,.2)}[data-sonner-toast][data-y-position=top]{top:0;--y:translateY(-100%);--lift:1;--lift-amount:calc(1 * var(--gap))}[data-sonner-toast][data-y-position=bottom]{bottom:0;--y:translateY(100%);--lift:-1;--lift-amount:calc(var(--lift) * var(--gap))}[data-sonner-toast][data-styled=true] [data-description]{font-weight:400;line-height:1.4;color:#3f3f3f}[data-rich-colors=true][data-sonner-toast][data-styled=true] [data-description]{color:inherit}[data-sonner-toaster][data-sonner-theme=dark] [data-description]{color:#e8e8e8}[data-sonner-toast][data-styled=true] [data-title]{font-weight:500;line-height:1.5;color:inherit}[data-sonner-toast][data-styled=true] [data-icon]{display:flex;height:16px;width:16px;position:relative;justify-content:flex-start;align-items:center;flex-shrink:0;margin-left:var(--toast-icon-margin-start);margin-right:var(--toast-icon-margin-end)}[data-sonner-toast][data-promise=true] [data-icon]>svg{opacity:0;transform:scale(.8);transform-origin:center;animation:sonner-fade-in .3s ease forwards}[data-sonner-toast][data-styled=true] [data-icon]>*{flex-shrink:0}[data-sonner-toast][data-styled=true] [data-icon] svg{margin-left:var(--toast-svg-margin-start);margin-right:var(--toast-svg-margin-end)}[data-sonner-toast][data-styled=true] [data-content]{display:flex;flex-direction:column;gap:2px}[data-sonner-toast][data-styled=true] [data-button]{border-radius:4px;padding-left:8px;padding-right:8px;height:24px;font-size:12px;color:var(--normal-bg);background:var(--normal-text);margin-left:var(--toast-button-margin-start);margin-right:var(--toast-button-margin-end);border:none;font-weight:500;cursor:pointer;outline:0;display:flex;align-items:center;flex-shrink:0;transition:opacity .4s,box-shadow .2s}[data-sonner-toast][data-styled=true] [data-button]:focus-visible{box-shadow:0 0 0 2px rgba(0,0,0,.4)}[data-sonner-toast][data-styled=true] [data-button]:first-of-type{margin-left:var(--toast-button-margin-start);margin-right:var(--toast-button-margin-end)}[data-sonner-toast][data-styled=true] [data-cancel]{color:var(--normal-text);background:rgba(0,0,0,.08)}[data-sonner-toaster][data-sonner-theme=dark] [data-sonner-toast][data-styled=true] [data-cancel]{background:rgba(255,255,255,.3)}[data-sonner-toast][data-styled=true] [data-close-button]{position:absolute;left:var(--toast-close-button-start);right:var(--toast-close-button-end);top:0;height:20px;width:20px;display:flex;justify-content:center;align-items:center;padding:0;color:var(--gray12);background:var(--normal-bg);border:1px solid var(--gray4);transform:var(--toast-close-button-transform);border-radius:50%;cursor:pointer;z-index:1;transition:opacity .1s,background .2s,border-color .2s}[data-sonner-toast][data-styled=true] [data-close-button]:focus-visible{box-shadow:0 4px 12px rgba(0,0,0,.1),0 0 0 2px rgba(0,0,0,.2)}[data-sonner-toast][data-styled=true] [data-disabled=true]{cursor:not-allowed}[data-sonner-toast][data-styled=true]:hover [data-close-button]:hover{background:var(--gray2);border-color:var(--gray5)}[data-sonner-toast][data-swiping=true]::before{content:'';position:absolute;left:-100%;right:-100%;height:100%;z-index:-1}[data-sonner-toast][data-y-position=top][data-swiping=true]::before{bottom:50%;transform:scaleY(3) translateY(50%)}[data-sonner-toast][data-y-position=bottom][data-swiping=true]::before{top:50%;transform:scaleY(3) translateY(-50%)}[data-sonner-toast][data-swiping=false][data-removed=true]::before{content:'';position:absolute;inset:0;transform:scaleY(2)}[data-sonner-toast][data-expanded=true]::after{content:'';position:absolute;left:0;height:calc(var(--gap) + 1px);bottom:100%;width:100%}[data-sonner-toast][data-mounted=true]{--y:translateY(0);opacity:1}[data-sonner-toast][data-expanded=false][data-front=false]{--scale:var(--toasts-before) * 0.05 + 1;--y:translateY(calc(var(--lift-amount) * var(--toasts-before))) scale(calc(-1 * var(--scale)));height:var(--front-toast-height)}[data-sonner-toast]>*{transition:opacity .4s}[data-sonner-toast][data-x-position=right]{right:0}[data-sonner-toast][data-x-position=left]{left:0}[data-sonner-toast][data-expanded=false][data-front=false][data-styled=true]>*{opacity:0}[data-sonner-toast][data-visible=false]{opacity:0;pointer-events:none}[data-sonner-toast][data-mounted=true][data-expanded=true]{--y:translateY(calc(var(--lift) * var(--offset)));height:var(--initial-height)}[data-sonner-toast][data-removed=true][data-front=true][data-swipe-out=false]{--y:translateY(calc(var(--lift) * -100%));opacity:0}[data-sonner-toast][data-removed=true][data-front=false][data-swipe-out=false][data-expanded=true]{--y:translateY(calc(var(--lift) * var(--offset) + var(--lift) * -100%));opacity:0}[data-sonner-toast][data-removed=true][data-front=false][data-swipe-out=false][data-expanded=false]{--y:translateY(40%);opacity:0;transition:transform .5s,opacity .2s}[data-sonner-toast][data-removed=true][data-front=false]::before{height:calc(var(--initial-height) + 20%)}[data-sonner-toast][data-swiping=true]{transform:var(--y) translateY(var(--swipe-amount-y,0)) translateX(var(--swipe-amount-x,0));transition:none}[data-sonner-toast][data-swiped=true]{user-select:none}[data-sonner-toast][data-swipe-out=true][data-y-position=bottom],[data-sonner-toast][data-swipe-out=true][data-y-position=top]{animation-duration:.2s;animation-timing-function:ease-out;animation-fill-mode:forwards}[data-sonner-toast][data-swipe-out=true][data-swipe-direction=left]{animation-name:swipe-out-left}[data-sonner-toast][data-swipe-out=true][data-swipe-direction=right]{animation-name:swipe-out-right}[data-sonner-toast][data-swipe-out=true][data-swipe-direction=up]{animation-name:swipe-out-up}[data-sonner-toast][data-swipe-out=true][data-swipe-direction=down]{animation-name:swipe-out-down}@keyframes swipe-out-left{from{transform:var(--y) translateX(var(--swipe-amount-x));opacity:1}to{transform:var(--y) translateX(calc(var(--swipe-amount-x) - 100%));opacity:0}}@keyframes swipe-out-right{from{transform:var(--y) translateX(var(--swipe-amount-x));opacity:1}to{transform:var(--y) translateX(calc(var(--swipe-amount-x) + 100%));opacity:0}}@keyframes swipe-out-up{from{transform:var(--y) translateY(var(--swipe-amount-y));opacity:1}to{transform:var(--y) translateY(calc(var(--swipe-amount-y) - 100%));opacity:0}}@keyframes swipe-out-down{from{transform:var(--y) translateY(var(--swipe-amount-y));opacity:1}to{transform:var(--y) translateY(calc(var(--swipe-amount-y) + 100%));opacity:0}}@media (max-width:600px){[data-sonner-toaster]{position:fixed;right:var(--mobile-offset-right);left:var(--mobile-offset-left);width:100%}[data-sonner-toaster][dir=rtl]{left:calc(var(--mobile-offset-left) * -1)}[data-sonner-toaster] [data-sonner-toast]{left:0;right:0;width:calc(100% - var(--mobile-offset-left) * 2)}[data-sonner-toaster][data-x-position=left]{left:var(--mobile-offset-left)}[data-sonner-toaster][data-y-position=bottom]{bottom:var(--mobile-offset-bottom)}[data-sonner-toaster][data-y-position=top]{top:var(--mobile-offset-top)}[data-sonner-toaster][data-x-position=center]{left:var(--mobile-offset-left);right:var(--mobile-offset-right);transform:none}}[data-sonner-toaster][data-sonner-theme=light]{--normal-bg:#fff;--normal-border:var(--gray4);--normal-text:var(--gray12);--success-bg:hsl(143, 85%, 96%);--success-border:hsl(145, 92%, 87%);--success-text:hsl(140, 100%, 27%);--info-bg:hsl(208, 100%, 97%);--info-border:hsl(221, 91%, 93%);--info-text:hsl(210, 92%, 45%);--warning-bg:hsl(49, 100%, 97%);--warning-border:hsl(49, 91%, 84%);--warning-text:hsl(31, 92%, 45%);--error-bg:hsl(359, 100%, 97%);--error-border:hsl(359, 100%, 94%);--error-text:hsl(360, 100%, 45%)}[data-sonner-toaster][data-sonner-theme=light] [data-sonner-toast][data-invert=true]{--normal-bg:#000;--normal-border:hsl(0, 0%, 20%);--normal-text:var(--gray1)}[data-sonner-toaster][data-sonner-theme=dark] [data-sonner-toast][data-invert=true]{--normal-bg:#fff;--normal-border:var(--gray3);--normal-text:var(--gray12)}[data-sonner-toaster][data-sonner-theme=dark]{--normal-bg:#000;--normal-bg-hover:hsl(0, 0%, 12%);--normal-border:hsl(0, 0%, 20%);--normal-border-hover:hsl(0, 0%, 25%);--normal-text:var(--gray1);--success-bg:hsl(150, 100%, 6%);--success-border:hsl(147, 100%, 12%);--success-text:hsl(150, 86%, 65%);--info-bg:hsl(215, 100%, 6%);--info-border:hsl(223, 43%, 17%);--info-text:hsl(216, 87%, 65%);--warning-bg:hsl(64, 100%, 6%);--warning-border:hsl(60, 100%, 9%);--warning-text:hsl(46, 87%, 65%);--error-bg:hsl(358, 76%, 10%);--error-border:hsl(357, 89%, 16%);--error-text:hsl(358, 100%, 81%)}[data-sonner-toaster][data-sonner-theme=dark] [data-sonner-toast] [data-close-button]{background:var(--normal-bg);border-color:var(--normal-border);color:var(--normal-text)}[data-sonner-toaster][data-sonner-theme=dark] [data-sonner-toast] [data-close-button]:hover{background:var(--normal-bg-hover);border-color:var(--normal-border-hover)}[data-rich-colors=true][data-sonner-toast][data-type=success]{background:var(--success-bg);border-color:var(--success-border);color:var(--success-text)}[data-rich-colors=true][data-sonner-toast][data-type=success] [data-close-button]{background:var(--success-bg);border-color:var(--success-border);color:var(--success-text)}[data-rich-colors=true][data-sonner-toast][data-type=info]{background:var(--info-bg);border-color:var(--info-border);color:var(--info-text)}[data-rich-colors=true][data-sonner-toast][data-type=info] [data-close-button]{background:var(--info-bg);border-color:var(--info-border);color:var(--info-text)}[data-rich-colors=true][data-sonner-toast][data-type=warning]{background:var(--warning-bg);border-color:var(--warning-border);color:var(--warning-text)}[data-rich-colors=true][data-sonner-toast][data-type=warning] [data-close-button]{background:var(--warning-bg);border-color:var(--warning-border);color:var(--warning-text)}[data-rich-colors=true][data-sonner-toast][data-type=error]{background:var(--error-bg);border-color:var(--error-border);color:var(--error-text)}[data-rich-colors=true][data-sonner-toast][data-type=error] [data-close-button]{background:var(--error-bg);border-color:var(--error-border);color:var(--error-text)}.sonner-loading-wrapper{--size:16px;height:var(--size);width:var(--size);position:absolute;inset:0;z-index:10}.sonner-loading-wrapper[data-visible=false]{transform-origin:center;animation:sonner-fade-out .2s ease forwards}.sonner-spinner{position:relative;top:50%;left:50%;height:var(--size);width:var(--size)}.sonner-loading-bar{animation:sonner-spin 1.2s linear infinite;background:var(--gray11);border-radius:6px;height:8%;left:-10%;position:absolute;top:-3.9%;width:24%}.sonner-loading-bar:first-child{animation-delay:-1.2s;transform:rotate(.0001deg) translate(146%)}.sonner-loading-bar:nth-child(2){animation-delay:-1.1s;transform:rotate(30deg) translate(146%)}.sonner-loading-bar:nth-child(3){animation-delay:-1s;transform:rotate(60deg) translate(146%)}.sonner-loading-bar:nth-child(4){animation-delay:-.9s;transform:rotate(90deg) translate(146%)}.sonner-loading-bar:nth-child(5){animation-delay:-.8s;transform:rotate(120deg) translate(146%)}.sonner-loading-bar:nth-child(6){animation-delay:-.7s;transform:rotate(150deg) translate(146%)}.sonner-loading-bar:nth-child(7){animation-delay:-.6s;transform:rotate(180deg) translate(146%)}.sonner-loading-bar:nth-child(8){animation-delay:-.5s;transform:rotate(210deg) translate(146%)}.sonner-loading-bar:nth-child(9){animation-delay:-.4s;transform:rotate(240deg) translate(146%)}.sonner-loading-bar:nth-child(10){animation-delay:-.3s;transform:rotate(270deg) translate(146%)}.sonner-loading-bar:nth-child(11){animation-delay:-.2s;transform:rotate(300deg) translate(146%)}.sonner-loading-bar:nth-child(12){animation-delay:-.1s;transform:rotate(330deg) translate(146%)}@keyframes sonner-fade-in{0%{opacity:0;transform:scale(.8)}100%{opacity:1;transform:scale(1)}}@keyframes sonner-fade-out{0%{opacity:1;transform:scale(1)}100%{opacity:0;transform:scale(.8)}}@keyframes sonner-spin{0%{opacity:1}100%{opacity:.15}}@media (prefers-reduced-motion){.sonner-loading-bar,[data-sonner-toast],[data-sonner-toast]>*{transition:none!important;animation:none!important}}.sonner-loader{position:absolute;top:50%;left:50%;transform:translate(-50%,-50%);transform-origin:center;transition:opacity .2s,transform .2s}.sonner-loader[data-visible=false]{opacity:0;transform:scale(.8) translate(-50%,-50%)}</style><style id="_goober"> @keyframes go2264125279{from{transform:scale(0) rotate(45deg);opacity:0;}to{transform:scale(1) rotate(45deg);opacity:1;}}@keyframes go3020080000{from{transform:scale(0);opacity:0;}to{transform:scale(1);opacity:1;}}@keyframes go463499852{from{transform:scale(0) rotate(90deg);opacity:0;}to{transform:scale(1) rotate(90deg);opacity:1;}}@keyframes go1268368563{from{transform:rotate(0deg);}to{transform:rotate(360deg);}}@keyframes go1310225428{from{transform:scale(0) rotate(45deg);opacity:0;}to{transform:scale(1) rotate(45deg);opacity:1;}}@keyframes go651618207{0%{height:0;width:0;opacity:0;}40%{height:0;width:6px;opacity:1;}100%{opacity:1;height:10px;}}@keyframes go901347462{from{transform:scale(0.6);opacity:0.4;}to{transform:scale(1);opacity:1;}}.go4109123758{z-index:9999;}.go4109123758 > *{pointer-events:auto;}</style></head><body class="h-full" style="font-family:var(--font-inter), system-ui, sans-serif"><div hidden=""><!--$--><!--/$--></div><div data-rht-toaster="" style="position:fixed;z-index:9999;top:16px;left:16px;right:16px;bottom:16px;pointer-events:none"></div><div class="min-h-screen bg-[#0a0a0a] flex items-center justify-center p-4 selection:bg-emerald-500/30"><div class="fixed top-0 left-0 w-full h-full overflow-hidden -z-10"><div class="absolute top-[-10%] left-[-10%] w-[40%] h-[40%] bg-emerald-500/10 blur-[120px] rounded-full animate-pulse"></div><div class="absolute bottom-[-10%] right-[-10%] w-[40%] h-[40%] bg-blue-500/10 blur-[120px] rounded-full"></div></div><div class="w-full max-w-md bg-white/5 backdrop-blur-xl border border-white/10 rounded-3xl p-8 shadow-2xl animate-in fade-in zoom-in duration-500"><div class="text-center mb-8"><div class="w-16 h-16 bg-emerald-500/10 rounded-2xl flex items-center justify-center mx-auto mb-4 border border-emerald-500/20"><svg xmlns="http://www.w3.org/2000/svg" width="32" height="32" viewBox="0 0 24 24" fill="none" stroke="currentColor" stroke-width="2" stroke-linecap="round" stroke-linejoin="round" class="lucide lucide-shield-check text-emerald-500" aria-hidden="true"><path d="M20 13c0 5-3.5 7.5-7.66 8.95a1 1 0 0 1-.67-.01C7.5 20.5 4 18 4 13V6a1 1 0 0 1 1-1c2 0 4.5-1.2 6.24-2.72a1.17 1.17 0 0 1 1.52 0C14.51 3.81 17 5 19 5a1 1 0 0 1 1 1z"></path><path d="m9 12 2 2 4-4"></path></svg></div><h1 class="text-3xl font-black text-white tracking-tight">Welcome Back</h1><p class="text-white/50 text-sm mt-2">Login to manage your business</p></div><form class="space-y-4"><div class="relative group animate-in slide-in-from-top-2"><svg xmlns="http://www.w3.org/2000/svg" width="18" height="18" viewBox="0 0 24 24" fill="none" stroke="currentColor" stroke-width="2" stroke-linecap="round" stroke-linejoin="round" class="lucide lucide-mail absolute left-4 top-1/2 -translate-y-1/2 text-white/30 group-focus-within:text-emerald-500 transition-colors" aria-hidden="true"><path d="m22 7-8.991 5.727a2 2 0 0 1-2.009 0L2 7"></path><rect x="2" y="4" width="20" height="16" rx="2"></rect></svg><input type="text" placeholder="Email or Phone Number" required="" class="w-full bg-white/5 border border-white/10 rounded-2xl py-4 pl-12 pr-4 text-white placeholder:text-white/20 focus:outline-none focus:border-emerald-500/50 focus:bg-white/10 transition-all" name="email" value=""></div><div class="relative group"><svg xmlns="http://www.w3.org/2000/svg" width="18" height="18" viewBox="0 0 24 24" fill="none" stroke="currentColor" stroke-width="2" stroke-linecap="round" stroke-linejoin="round" class="lucide lucide-lock absolute left-4 top-1/2 -translate-y-1/2 text-white/30 group-focus-within:text-emerald-500 transition-colors" aria-hidden="true"><rect width="18" height="11" x="3" y="11" rx="2" ry="2"></rect><path d="M7 11V7a5 5 0 0 1 10 0v4"></path></svg><input type="password" placeholder="Password" required="" class="w-full bg-white/5 border border-white/10 rounded-2xl py-4 pl-12 pr-12 text-white placeholder:text-white/20 focus:outline-none focus:border-emerald-500/50 focus:bg-white/10 transition-all" name="password" value=""><button type="button" class="absolute right-4 top-1/2 -translate-y-1/2 text-white/20 hover:text-white/60 transition-colors"><svg xmlns="http://www.w3.org/2000/svg" width="18" height="18" viewBox="0 0 24 24" fill="none" stroke="currentColor" stroke-width="2" stroke-linecap="round" stroke-linejoin="round" class="lucide lucide-eye" aria-hidden="true"><path d="M2.062 12.348a1 1 0 0 1 0-.696 10.75 10.75 0 0 1 19.876 0 1 1 0 0 1 0 .696 10.75 10.75 0 0 1-19.876 0"></path><circle cx="12" cy="12" r="3"></circle></svg></button></div><div class="flex justify-end px-1"><button type="button" class="text-xs font-bold text-white/30 hover:text-emerald-500 transition-colors uppercase tracking-widest">Forgot Password?</button></div><button type="submit" class="w-full bg-emerald-500 hover:bg-emerald-600 shadow-emerald-500/20 disabled:opacity-50 text-[#0a0a0a] font-bold py-4 rounded-2xl flex items-center justify-center gap-2 transition-all active:scale-[0.98] shadow-lg">Login<svg xmlns="http://www.w3.org/2000/svg" width="18" height="18" viewBox="0 0 24 24" fill="none" stroke="currentColor" stroke-width="2" stroke-linecap="round" stroke-linejoin="round" class="lucide lucide-arrow-right" aria-hidden="true"><path d="M5 12h14"></path><path d="m12 5 7 7-7 7"></path></svg></button><div class="mt-8 text-center text-sm"><p class="text-white/40 font-medium">Don't have an account?<!-- --> <button class="text-emerald-500 font-bold hover:underline ml-1">Sign Up</button></p></div><div class="mt-6 pt-6 border-t border-white/10 text-center"><p class="text-white/30 text-[10px] font-black uppercase tracking-widest mb-4">Need Help?</p><div class="flex flex-col gap-3"><a href="tel:+919403893991" class="flex items-center justify-center gap-2 text-white/50 hover:text-emerald-500 transition-colors text-xs font-bold bg-white/5 py-2 rounded-xl border border-white/5"><svg xmlns="http://www.w3.org/2000/svg" width="14" height="14" viewBox="0 0 24 24" fill="none" stroke="currentColor" stroke-width="2" stroke-linecap="round" stroke-linejoin="round" class="lucide lucide-phone" aria-hidden="true"><path d="M13.832 16.568a1 1 0 0 0 1.213-.303l.355-.465A2 2 0 0 1 17 15h3a2 2 0 0 1 2 2v3a2 2 0 0 1-2 2A18 18 0 0 1 2 4a2 2 0 0 1 2-2h3a2 2 0 0 1 2 2v3a2 2 0 0 1-.8 1.6l-.468.351a1 1 0 0 0-.292 1.233 14 14 0 0 0 6.392 6.384"></path></svg> Call Support: +91 9403893991</a><a href="https://wa.me/919289507882" target="_blank" rel="noopener noreferrer" class="flex items-center justify-center gap-2 text-white/50 hover:text-emerald-500 transition-colors text-xs font-bold bg-white/5 py-2 rounded-xl border border-white/5"><svg xmlns="http://www.w3.org/2000/svg" width="14" height="14" viewBox="0 0 24 24" fill="none" stroke="currentColor" stroke-width="2" stroke-linecap="round" stroke-linejoin="round" class="lucide lucide-message-square" aria-hidden="true"><path d="M22 17a2 2 0 0 1-2 2H6.828a2 2 0 0 0-1.414.586l-2.202 2.202A.71.71 0 0 1 2 21.286V5a2 2 0 0 1 2-2h16a2 2 0 0 1 2 2z"></path></svg> WhatsApp: +91 9289507882</a></div></div></form></div></div><!--$--><!--/$--><section aria-label="Notifications alt+T" tabindex="-1" aria-live="polite" aria-relevant="additions text" aria-atomic="false"></section><script src="/_next/static/chunks/webpack-6fc1f9282f6d0e53.js" async=""></script><script>(self.__next_f=self.__next_f||[]).push([0])</script><script>self.__next_f.push([1,"1:\"$Sreact.fragment\"\n2:I[29808,[\"4521\",\"static/chunks/4521-3ce0632c81905e73.js\",\"6671\",\"static/chunks/6671-2c59fdb17d65f45d.js\",\"7177\",\"static/chunks/app/layout-c61016ad7b8a610f.js\"],\"default\"]\n3:\"$Sreact.suspense\"\n4:I[16259,[\"4521\",\"static/chunks/4521-3ce0632c81905e73.js\",\"6671\",\"static/chunks/6671-2c59fdb17d65f45d.js\",\"7177\",\"static/chunks/app/layout-c61016ad7b8a610f.js\"],\"default\"]\n5:I[87555,[],\"\"]\n6:I[51901,[\"8039\",\"static/chunks/app/error-b72f84e42a584e31.js\"],\"default\"]\n7:I[31295,[],\"\"]\n8:I[56671,[\"4521\",\"static/chunks/4521-3ce0632c81905e73.js\",\"6671\",\"static/chunks/6671-2c59fdb17d65f45d.js\",\"7177\",\"static/chunks/app/layout-c61016ad7b8a610f.js\"],\"Toaster\"]\n9:I[90894,[],\"ClientPageRoot\"]\na:I[52252,[\"6671\",\"static/chunks/6671-2c59fdb17d65f45d.js\",\"8641\",\"static/chunks/app/auth/custom/page-96d15ebe4a5fa9a3.js\"],\"default\"]\nd:I[59665,[],\"OutletBoundary\"]\n10:I[74911,[],\"AsyncMetadataOutlet\"]\n12:I[59665,[],\"ViewportBoundary\"]\n14:I[59665,[],\"MetadataBoundary\"]\n16:I[98385,[\"4219\",\"static/chunks/app/global-error-07379679dbd81aac.js\"],\"default\"]\n:HL[\"/_next/static/media/e4af272ccee01ff0-s.p.woff2\",\"font\",{\"crossOrigin\":\"\",\"type\":\"font/woff2\"}]\n:HL[\"/_next/static/css/45079e0a57e524ee.css\",\"style\"]\n:HL[\"/_next/static/css/47f3de3c41ad536b.css\",\"style\"]\n"])</script><script>self.__next_f.push([1,"0:{\"P\":null,\"b\":\"1mzAOdPpJK5kqb1wKOgNH\",\"p\":\"\",\"c\":[\"\",\"auth\",\"custom\"],\"i\":false,\"f\":[[[\"\",{\"children\":[\"auth\",{\"children\":[\"custom\",{\"children\":[\"__PAGE__\",{}]}]}]},\"$undefined\",\"$undefined\",true],[\"\",[\"$\",\"$1\",\"c\",{\"children\":[[[\"$\",\"link\",\"0\",{\"rel\":\"stylesheet\",\"href\":\"/_next/static/css/45079e0a57e524ee.css\",\"precedence\":\"next\",\"crossOrigin\":\"$undefined\",\"nonce\":\"$undefined\"}],[\"$\",\"link\",\"1\",{\"rel\":\"stylesheet\",\"href\":\"/_next/static/css/47f3de3c41ad536b.css\",\"precedence\":\"next\",\"crossOrigin\":\"$undefined\",\"nonce\":\"$undefined\"}]],[\"$\",\"html\",null,{\"lang\":\"en\",\"className\":\"__variable_472ac2 h-full\",\"children\":[\"$\",\"body\",null,{\"className\":\"h-full\",\"style\":{\"fontFamily\":\"var(--font-inter), system-ui, sans-serif\"},\"children\":[\"$\",\"$L2\",null,{\"children\":[[\"$\",\"$3\",null,{\"fallback\":null,\"children\":[\"$\",\"$L4\",null,{}]}],[\"$\",\"$L5\",null,{\"parallelRouterKey\":\"children\",\"error\":\"$6\",\"errorStyles\":[],\"errorScripts\":[],\"template\":[\"$\",\"$L7\",null,{}],\"templateStyles\":\"$undefined\",\"templateScripts\":\"$undefined\",\"notFound\":[[[\"$\",\"title\",null,{\"children\":\"404: This page could not be found.\"}],[\"$\",\"div\",null,{\"style\":{\"fontFamily\":\"system-ui,\\\"Segoe UI\\\",Roboto,Helvetica,Arial,sans-serif,\\\"Apple Color Emoji\\\",\\\"Segoe UI Emoji\\\"\",\"height\":\"100vh\",\"textAlign\":\"center\",\"display\":\"flex\",\"flexDirection\":\"column\",\"alignItems\":\"center\",\"justifyContent\":\"center\"},\"children\":[\"$\",\"div\",null,{\"children\":[[\"$\",\"style\",null,{\"dangerouslySetInnerHTML\":{\"__html\":\"body{color:#000;background:#fff;margin:0}.next-error-h1{border-right:1px solid rgba(0,0,0,.3)}@media (prefers-color-scheme:dark){body{color:#fff;background:#000}.next-error-h1{border-right:1px solid rgba(255,255,255,.3)}}\"}}],[\"$\",\"h1\",null,{\"className\":\"next-error-h1\",\"style\":{\"display\":\"inline-block\",\"margin\":\"0 20px 0 0\",\"padding\":\"0 23px 0 0\",\"fontSize\":24,\"fontWeight\":500,\"verticalAlign\":\"top\",\"lineHeight\":\"49px\"},\"children\":404}],[\"$\",\"div\",null,{\"style\":{\"display\":\"inline-block\"},\"children\":[\"$\",\"h2\",null,{\"style\":{\"fontSize\":14,\"fontWeight\":400,\"lineHeight\":\"49px\",\"margin\":0},\"children\":\"This page could not be found.\"}]}]]}]}]],[]],\"forbidden\":\"$undefined\",\"unauthorized\":\"$undefined\"}],[\"$\",\"$L8\",null,{\"richColors\":true,\"position\":\"top-right\"}]]}]}]}]]}],{\"children\":[\"auth\",[\"$\",\"$1\",\"c\",{\"children\":[null,[\"$\",\"$L5\",null,{\"parallelRouterKey\":\"children\",\"error\":\"$undefined\",\"errorStyles\":\"$undefined\",\"errorScripts\":\"$undefined\",\"template\":[\"$\",\"$L7\",null,{}],\"templateStyles\":\"$undefined\",\"templateScripts\":\"$undefined\",\"notFound\":\"$undefined\",\"forbidden\":\"$undefined\",\"unauthorized\":\"$undefined\"}]]}],{\"children\":[\"custom\",[\"$\",\"$1\",\"c\",{\"children\":[null,[\"$\",\"$L5\",null,{\"parallelRouterKey\":\"children\",\"error\":\"$undefined\",\"errorStyles\":\"$undefined\",\"errorScripts\":\"$undefined\",\"template\":[\"$\",\"$L7\",null,{}],\"templateStyles\":\"$undefined\",\"templateScripts\":\"$undefined\",\"notFound\":\"$undefined\",\"forbidden\":\"$undefined\",\"unauthorized\":\"$undefined\"}]]}],{\"children\":[\"__PAGE__\",[\"$\",\"$1\",\"c\",{\"children\":[[\"$\",\"$L9\",null,{\"Component\":\"$a\",\"searchParams\":{},\"params\":{},\"promises\":[\"$@b\",\"$@c\"]}],null,[\"$\",\"$Ld\",null,{\"children\":[\"$Le\",\"$Lf\",[\"$\",\"$L10\",null,{\"promise\":\"$@11\"}]]}]]}],{},null,false]},null,false]},null,false]},null,false],[\"$\",\"$1\",\"h\",{\"children\":[null,[\"$\",\"$1\",\"iSCARjJ7fpuvyNBxE8h9Ov\",{\"children\":[[\"$\",\"$L12\",null,{\"children\":\"$L13\"}],[\"$\",\"meta\",null,{\"name\":\"next-size-adjust\",\"content\":\"\"}]]}],[\"$\",\"$L14\",null,{\"children\":\"$L15\"}]]}],false]],\"m\":\"$undefined\",\"G\":[\"$16\",[]],\"s\":false,\"S\":true}\n"])</script><script>self.__next_f.push([1,"17:I[74911,[],\"AsyncMetadata\"]\nb:{}\nc:{}\n15:[\"$\",\"div\",null,{\"hidden\":true,\"children\":[\"$\",\"$3\",null,{\"fallback\":null,\"children\":[\"$\",\"$L17\",null,{\"promise\":\"$@18\"}]}]}]\n"])</script><script>self.__next_f.push([1,"f:null\n"])</script><script>self.__next_f.push([1,"13:[[\"$\",\"meta\",\"0\",{\"charSet\":\"utf-8\"}],[\"$\",\"meta\",\"1\",{\"name\":\"viewport\",\"content\":\"width=device-width, initial-scale=1\"}],[\"$\",\"meta\",\"2\",{\"name\":\"theme-color\",\"content\":\"#FF6B35\"}]]\ne:null\n"])</script><script>self.__next_f.push([1,"11:{\"metadata\":[[\"$\",\"title\",\"0\",{\"children\":\"KravyPOS — Smart Billing System\"}],[\"$\",\"meta\",\"1\",{\"name\":\"description\",\"content\":\"Modern point-of-sale and billing system for restaurants and retail\"}],[\"$\",\"meta\",\"2\",{\"name\":\"application-name\",\"content\":\"KravyPOS\"}],[\"$\",\"meta\",\"3\",{\"name\":\"mobile-web-app-capable\",\"content\":\"yes\"}],[\"$\",\"meta\",\"4\",{\"name\":\"apple-mobile-web-app-title\",\"content\":\"KravyPOS\"}],[\"$\",\"meta\",\"5\",{\"name\":\"apple-mobile-web-app-status-bar-style\",\"content\":\"default\"}],[\"$\",\"link\",\"6\",{\"rel\":\"shortcut icon\",\"href\":\"/favicon.ico\"}],[\"$\",\"link\",\"7\",{\"rel\":\"icon\",\"href\":\"/favicon.ico\",\"type\":\"image/x-icon\",\"sizes\":\"1024x1024\"}],[\"$\",\"link\",\"8\",{\"rel\":\"icon\",\"href\":\"/favicon.ico\"}],[\"$\",\"link\",\"9\",{\"rel\":\"apple-touch-icon\",\"href\":\"/favicon.ico\"}]],\"error\":null,\"digest\":\"$undefined\"}\n18:{\"metadata\":\"$11:metadata\",\"error\":null,\"digest\":\"$undefined\"}\n"])</script><next-route-announcer style="position: absolute;"></next-route-announcer></body></html>
=== DONE ===

Killing Server...
Updated 2 paths from the index
Updated 2 paths from the index

=== RUN CONFIG D ===
Updated 0 paths from the index
--- Iteration 1 of config D ---


=== RUNNING SCENARIO: D-1 ===
Killing old servers on 3001...
kill: usage: kill [-s sigspec | -n signum | -sigspec] pid | jobspec ... or kill -l [sigspec]
Building...

> kravy-pos@0.1.0 build
> prisma generate && next build

Environment variables loaded from .env
Prisma schema loaded from prisma/schema.prisma

✔ Generated Prisma Client (v6.1.0) to ./node_modules/@prisma/client in 747ms

Start by importing your Prisma Client (See: https://pris.ly/d/importing-client)

Tip: Curious about the SQL queries Prisma ORM generates? Optimize helps you enhance your visibility: https://pris.ly/tip-2-optimize

┌─────────────────────────────────────────────────────────┐
│  Update available 6.1.0 -> 8.0.0-rc.15                  │
│                                                         │
│  This is a major update - please follow the guide at    │
│  https://pris.ly/d/major-version-upgrade                │
│                                                         │
│  Run the following to update                            │
│    npm i --save-dev prisma@latest                       │
│    npm i @prisma/client@latest                          │
└─────────────────────────────────────────────────────────┘
   ▲ Next.js 15.3.8
   - Environments: .env

   Creating an optimized production build ...
 ✓ Compiled successfully in 38.0s
   Skipping validation of types
   Skipping linting
   Collecting page data ...
   Generating static pages (0/224) ...
   Generating static pages (56/224) 
   Generating static pages (112/224) 
   Generating static pages (168/224) 
 ✓ Generating static pages (224/224)
   Finalizing page optimization ...
   Collecting build traces ...

Route (app)                                               Size  First Load JS
┌ ƒ /                                                    190 B         111 kB
├ ○ /_not-found                                          990 B         103 kB
├ ○ /admin/activity                                    7.65 kB         159 kB
├ ○ /admin/dashboard                                   13.1 kB         262 kB
├ ○ /admin/docs/architecture                           5.16 kB         151 kB
├ ○ /admin/merchants                                   5.46 kB         160 kB
├ ƒ /admin/merchants/[id]                              5.24 kB         266 kB
├ ○ /admin/onboarding                                  2.95 kB         154 kB
├ ○ /admin/onboarding-custom                            3.2 kB         154 kB
├ ○ /admin/users                                       7.31 kB         159 kB
├ ƒ /admin/users/[id]                                  13.1 kB         163 kB
├ ○ /admin/users/create                                1.32 kB         103 kB
├ ○ /admin/users/docs                                    188 B         106 kB
├ ○ /admin/users/roles                                 3.28 kB         114 kB
├ ƒ /api/activity/list                                   563 B         103 kB
├ ƒ /api/activity/log                                    563 B         103 kB
├ ƒ /api/admin                                           563 B         103 kB
├ ƒ /api/admin/activity                                  563 B         103 kB
├ ƒ /api/admin/app-settings                              563 B         103 kB
├ ƒ /api/admin/backups                                   563 B         103 kB
├ ƒ /api/admin/backups/collections                       563 B         103 kB
├ ƒ /api/admin/backups/create                            563 B         103 kB
├ ƒ /api/admin/backups/delete                            563 B         103 kB
├ ƒ /api/admin/backups/download                          563 B         103 kB
├ ƒ /api/admin/backups/export                            563 B         103 kB
├ ƒ /api/admin/backups/inspect                           563 B         103 kB
├ ƒ /api/admin/bills/delete-all                          563 B         103 kB
├ ƒ /api/admin/combos                                    563 B         103 kB
├ ƒ /api/admin/combos/[id]                               563 B         103 kB
├ ƒ /api/admin/dashboard-stats                           563 B         103 kB
├ ƒ /api/admin/dashboard-stats/config                    563 B         103 kB
├ ƒ /api/admin/gallery                                   563 B         103 kB
├ ƒ /api/admin/generate-invoice                          563 B         103 kB
├ ƒ /api/admin/manual-invoices                           563 B         103 kB
├ ƒ /api/admin/manual-invoices/[id]                      563 B         103 kB
├ ƒ /api/admin/offers                                    563 B         103 kB
├ ƒ /api/admin/offers/[id]                               563 B         103 kB
├ ƒ /api/admin/onboard                                   563 B         103 kB
├ ƒ /api/admin/onboard-custom                            563 B         103 kB
├ ƒ /api/admin/reports/sellers                           563 B         103 kB
├ ƒ /api/admin/reports/sellers/[id]                      563 B         103 kB
├ ƒ /api/admin/reports/sellers/export                    563 B         103 kB
├ ƒ /api/admin/rewards                                   563 B         103 kB
├ ƒ /api/admin/rewards/[id]                              563 B         103 kB
├ ƒ /api/admin/roles                                     563 B         103 kB
├ ƒ /api/admin/self-promote                              563 B         103 kB
├ ƒ /api/admin/seller-detail                             563 B         103 kB
├ ƒ /api/admin/settings                                  563 B         103 kB
├ ƒ /api/admin/users                                     563 B         103 kB
├ ƒ /api/admin/users/[id]                                563 B         103 kB
├ ƒ /api/admin/users/disable                             563 B         103 kB
├ ƒ /api/admin/users/impersonate                         563 B         103 kB
├ ƒ /api/admin/users/invite                              563 B         103 kB
├ ƒ /api/admin/users/role                                563 B         103 kB
├ ƒ /api/app-version                                     563 B         103 kB
├ ƒ /api/auth/forgot-password                            563 B         103 kB
├ ƒ /api/auth/login                                      563 B         103 kB
├ ƒ /api/auth/logout                                     563 B         103 kB
├ ƒ /api/auth/me                                         563 B         103 kB
├ ƒ /api/auth/refresh-token                              563 B         103 kB
├ ƒ /api/auth/register                                   563 B         103 kB
├ ƒ /api/auth/resend-otp                                 563 B         103 kB
├ ƒ /api/auth/reset-password                             563 B         103 kB
├ ƒ /api/auth/sessions                                   563 B         103 kB
├ ƒ /api/auth/sessions/remove                            563 B         103 kB
├ ƒ /api/auth/sessions/revoke                            563 B         103 kB
├ ƒ /api/auth/sync-user                                  563 B         103 kB
├ ƒ /api/auth/verify-otp                                 563 B         103 kB
├ ƒ /api/backup                                          563 B         103 kB
├ ƒ /api/backup/cron                                     563 B         103 kB
├ ƒ /api/bill-manager                                    563 B         103 kB
├ ƒ /api/bill-manager/[id]                               563 B         103 kB
├ ƒ /api/bill-manager/[id]/hold                          563 B         103 kB
├ ƒ /api/bill-manager/[id]/pay                           563 B         103 kB
├ ƒ /api/bill-manager/[id]/pdf                           563 B         103 kB
├ ƒ /api/bill-manager/deleted/list                       563 B         103 kB
├ ƒ /api/bill-manager/deleted/restore/[id]               563 B         103 kB
├ ƒ /api/bill-manager/export                             563 B         103 kB
├ ƒ /api/categories                                      563 B         103 kB
├ ƒ /api/categories/ensure                               563 B         103 kB
├ ƒ /api/categories/order                                563 B         103 kB
├ ƒ /api/categories/upload                               563 B         103 kB
├ ƒ /api/clerks                                          563 B         103 kB
├ ƒ /api/combos-offers                                   563 B         103 kB
├ ƒ /api/cron/backup                                     563 B         103 kB
├ ƒ /api/dashboard                                       563 B         103 kB
├ ƒ /api/dashboard/business-profile/google-review-url    563 B         103 kB
├ ƒ /api/dashboard/google-review-qr                      563 B         103 kB
├ ƒ /api/dashboard/google-review-qr/import               563 B         103 kB
├ ƒ /api/debug                                           563 B         103 kB
├ ƒ /api/debug-cloudinary                                563 B         103 kB
├ ƒ /api/discounts                                       563 B         103 kB
├ ƒ /api/discounts/[id]                                  563 B         103 kB
├ ƒ /api/expenses                                        563 B         103 kB
├ ƒ /api/expenses/[id]                                   563 B         103 kB
├ ƒ /api/expenses/categories                             563 B         103 kB
├ ƒ /api/expenses/categories/[id]                        563 B         103 kB
├ ƒ /api/external-sales                                  563 B         103 kB
├ ƒ /api/external/menu/[userId]                          563 B         103 kB
├ ƒ /api/external/menu/update/[id]                       563 B         103 kB
├ ƒ /api/external/users                                  563 B         103 kB
├ ƒ /api/fuel-bills                                      563 B         103 kB
├ ƒ /api/gmail/auth                                      563 B         103 kB
├ ƒ /api/gmail/callback                                  563 B         103 kB
├ ƒ /api/gmail/status                                    563 B         103 kB
├ ƒ /api/gmail/sync                                      563 B         103 kB
├ ƒ /api/gmail/test-parse                                563 B         103 kB
├ ƒ /api/inventory                                       563 B         103 kB
├ ƒ /api/inventory/export                                563 B         103 kB
├ ƒ /api/inventory/materials                             563 B         103 kB
├ ƒ /api/inventory/recipes                               563 B         103 kB
├ ƒ /api/invoice/[id]                                    563 B         103 kB
├ ƒ /api/items                                           563 B         103 kB
├ ƒ /api/items/clear-images                              563 B         103 kB
├ ƒ /api/menu-editor/addon-groups                        563 B         103 kB
├ ƒ /api/menu/delete                                     563 B         103 kB
├ ƒ /api/menu/get-keys                                   563 B         103 kB
├ ƒ /api/menu/items                                      563 B         103 kB
├ ƒ /api/menu/post-process                               563 B         103 kB
├ ƒ /api/menu/update                                     563 B         103 kB
├ ƒ /api/menu/upload-ocr                                 563 B         103 kB
├ ƒ /api/menu/view                                       563 B         103 kB
├ ƒ /api/merchant/onboard                                563 B         103 kB
├ ƒ /api/notifications                                   563 B         103 kB
├ ƒ /api/orders                                          563 B         103 kB
├ ƒ /api/orders/[orderId]                                563 B         103 kB
├ ƒ /api/orders/[orderId]/merge-items                    563 B         103 kB
├ ƒ /api/orders/reserve-token                            563 B         103 kB
├ ƒ /api/parties                                         563 B         103 kB
├ ƒ /api/parties/[id]                                    563 B         103 kB
├ ƒ /api/parties/[id]/bills                              563 B         103 kB
├ ƒ /api/payments                                        563 B         103 kB
├ ƒ /api/phonepe/pay                                     563 B         103 kB
├ ƒ /api/phonepe/status/[id]                             563 B         103 kB
├ ƒ /api/phonepe/webhook                                 563 B         103 kB
├ ƒ /api/profile                                         563 B         103 kB
├ ƒ /api/profile/push-token                              563 B         103 kB
├ ƒ /api/profile/zones                                   563 B         103 kB
├ ƒ /api/profiles                                        563 B         103 kB
├ ƒ /api/proxy/google-image-search                       563 B         103 kB
├ ƒ /api/proxy/image-search                              563 B         103 kB
├ ƒ /api/public/gallery/[clerkId]                        563 B         103 kB
├ ƒ /api/public/loyalty                                  563 B         103 kB
├ ƒ /api/public/menu                                     563 B         103 kB
├ ƒ /api/public/menu/[clerkId]                           563 B         103 kB
├ ƒ /api/public/orders                                   563 B         103 kB
├ ƒ /api/public/orders/[orderId]/combined-bill           563 B         103 kB
├ ƒ /api/public/orders/track                             563 B         103 kB
├ ƒ /api/public/pos/[identifier]                         563 B         103 kB
├ ƒ /api/public/profile                                  563 B         103 kB
├ ƒ /api/public/reviews                                  563 B         103 kB
├ ƒ /api/quotation/generate                              563 B         103 kB
├ ƒ /api/reports/gst                                     563 B         103 kB
├ ƒ /api/reports/sales/drilldown                         563 B         103 kB
├ ƒ /api/reports/tokens                                  563 B         103 kB
├ ƒ /api/reviews                                         563 B         103 kB
├ ƒ /api/rooms                                           563 B         103 kB
├ ƒ /api/rooms/bookings                                  563 B         103 kB
├ ƒ /api/search                                          563 B         103 kB
├ ƒ /api/seller/staff                                    563 B         103 kB
├ ƒ /api/staff                                           563 B         103 kB
├ ƒ /api/staff/[id]                                      563 B         103 kB
├ ƒ /api/staff/login                                     563 B         103 kB
├ ƒ /api/staff/logout                                    563 B         103 kB
├ ƒ /api/staff/me                                        563 B         103 kB
├ ƒ /api/staff/refresh-token                             563 B         103 kB
├ ƒ /api/store-items/bulk                                563 B         103 kB
├ ƒ /api/store-items/bulk-update                         563 B         103 kB
├ ƒ /api/subscription/confirm                            563 B         103 kB
├ ƒ /api/tables                                          563 B         103 kB
├ ƒ /api/tables/[id]                                     563 B         103 kB
├ ƒ /api/test_customers                                  563 B         103 kB
├ ƒ /api/test/token-refresh                              563 B         103 kB
├ ƒ /api/update-token                                    563 B         103 kB
├ ƒ /api/upload                                          563 B         103 kB
├ ƒ /api/upload-image                                    563 B         103 kB
├ ƒ /api/upload/image                                    563 B         103 kB
├ ƒ /api/user/activity                                   563 B         103 kB
├ ƒ /api/user/identifiers                                563 B         103 kB
├ ƒ /api/user/me                                         563 B         103 kB
├ ƒ /api/user/preferences                                563 B         103 kB
├ ƒ /api/user/sync                                       563 B         103 kB
├ ƒ /api/wallet                                          563 B         103 kB
├ ƒ /api/wallet/history/[partyId]                        563 B         103 kB
├ ƒ /api/whatsapp/send-bill                              563 B         103 kB
├ ○ /auth/custom                                       5.18 kB         116 kB
├ ○ /checkout                                          20.4 kB         133 kB
├ ƒ /dashboard                                         15.9 kB         295 kB
├ ○ /dashboard/admin/app-settings                      2.59 kB         105 kB
├ ○ /dashboard/admin/invoice-generator                 12.9 kB         115 kB
├ ○ /dashboard/admin/qr-manager                        33.8 kB         346 kB
├ ○ /dashboard/admin/website-qr                        4.73 kB         128 kB
├ ○ /dashboard/ai-scraper                              11.1 kB         153 kB
├ ○ /dashboard/auto-apply                              10.1 kB         255 kB
├ ○ /dashboard/backup                                  8.47 kB         151 kB
├ ○ /dashboard/billing                                 21.3 kB         173 kB
├ ƒ /dashboard/billing/[id]                            9.54 kB         139 kB
├ ○ /dashboard/billing/checkout                        38.5 kB         232 kB
├ ○ /dashboard/billing/deleted                         4.46 kB         150 kB
├ ○ /dashboard/combos                                  9.52 kB         185 kB
├ ○ /dashboard/discounts                               8.74 kB         160 kB
├ ○ /dashboard/docs/auto-backup                        8.63 kB         151 kB
├ ○ /dashboard/docs/gst-billing                         4.7 kB         147 kB
├ ○ /dashboard/docs/gst-category-pro                   4.06 kB         146 kB
├ ○ /dashboard/docs/menu-management                    4.89 kB         150 kB
├ ○ /dashboard/docs/staff-access                       5.44 kB         147 kB
├ ○ /dashboard/docs/staff-access/interactive             10 kB         152 kB
├ ○ /dashboard/docs/workflow                              9 kB         151 kB
├ ○ /dashboard/expenses                                8.17 kB         164 kB
├ ○ /dashboard/expenses/pnl                            6.04 kB         266 kB
├ ○ /dashboard/expenses/reports                        7.65 kB         274 kB
├ ○ /dashboard/fuel                                    11.5 kB         160 kB
├ ○ /dashboard/gallery                                 6.89 kB         161 kB
├ ○ /dashboard/help                                    5.15 kB         111 kB
├ ○ /dashboard/integration/gmail                       12.6 kB         155 kB
├ ○ /dashboard/inventory                                 30 kB         178 kB
├ ○ /dashboard/inventory/reports                       4.64 kB         113 kB
├ ○ /dashboard/kitchen                                 18.8 kB         209 kB
├ ƒ /dashboard/menu-editor                             11.2 kB         170 kB
├ ○ /dashboard/menu/addons                             10.6 kB         162 kB
├ ○ /dashboard/menu/edit                               6.78 kB         172 kB
├ ○ /dashboard/menu/pdf                                9.66 kB         118 kB
├ ○ /dashboard/menu/upload                             10.8 kB         166 kB
├ ○ /dashboard/menu/view                               27.4 kB         186 kB
├ ○ /dashboard/offers                                  9.65 kB         188 kB
├ ○ /dashboard/offers/generator                        11.3 kB         143 kB
├ ○ /dashboard/offers/reviews                          10.3 kB         148 kB
├ ○ /dashboard/parties                                 15.7 kB         164 kB
├ ○ /dashboard/parties/add                               909 B         103 kB
├ ○ /dashboard/profile                                 7.92 kB         242 kB
├ ○ /dashboard/profile/create                            934 B         186 kB
├ ƒ /dashboard/profile/edit                              941 B         186 kB
├ ○ /dashboard/qr-management                           17.7 kB         201 kB
├ ƒ /dashboard/qr-management/print/[id]                3.83 kB         123 kB
├ ○ /dashboard/qr-orders                               8.32 kB         134 kB
├ ○ /dashboard/quotation                               10.3 kB         112 kB
├ ƒ /dashboard/reports/analytics                       2.27 kB         171 kB
├ ƒ /dashboard/reports/analytics/order-type            4.68 kB         264 kB
├ ƒ /dashboard/reports/bills                           2.27 kB         171 kB
├ ƒ /dashboard/reports/customers                         188 B         106 kB
├ ○ /dashboard/reports/gst                             13.9 kB         212 kB
├ ○ /dashboard/reports/gst/dashboard                   11.5 kB         311 kB
├ ƒ /dashboard/reports/items                           4.76 kB         173 kB
├ ƒ /dashboard/reports/payments                        2.27 kB         171 kB
├ ƒ /dashboard/reports/payments/cash                   2.27 kB         171 kB
├ ƒ /dashboard/reports/payments/upi                    2.27 kB         171 kB
├ ƒ /dashboard/reports/performance                       188 B         106 kB
├ ƒ /dashboard/reports/sales/daily                       366 B         156 kB
├ ƒ /dashboard/reports/sales/drilldown                 11.5 kB         204 kB
├ ƒ /dashboard/reports/sales/monthly                     366 B         156 kB
├ ƒ /dashboard/reports/sales/revenue                   2.27 kB         171 kB
├ ƒ /dashboard/reports/sales/weekly                      188 B         106 kB
├ ○ /dashboard/reports/tokens                          9.67 kB         152 kB
├ ƒ /dashboard/reports/unpaid                          18.1 kB         201 kB
├ ƒ /dashboard/reports/wallet-deposits                 13.5 kB         156 kB
├ ○ /dashboard/rewards                                 7.43 kB         183 kB
├ ○ /dashboard/rooms                                   9.36 kB         158 kB
├ ○ /dashboard/rooms/reports                           4.51 kB         110 kB
├ ○ /dashboard/security                                4.06 kB         106 kB
├ ○ /dashboard/settings                                5.07 kB         150 kB
├ ○ /dashboard/settings/account                        11.8 kB         154 kB
├ ○ /dashboard/settings/activity                         777 B         103 kB
├ ○ /dashboard/settings/activity/admin                   768 B         103 kB
├ ○ /dashboard/settings/advanced                       4.17 kB         112 kB
├ ○ /dashboard/settings/backup                         9.22 kB         111 kB
├ ○ /dashboard/settings/customer                       11.6 kB         117 kB
├ ○ /dashboard/settings/inventory                      8.53 kB         154 kB
├ ○ /dashboard/settings/loyalty                        6.85 kB         118 kB
├ ○ /dashboard/settings/notifications                  9.79 kB         115 kB
├ ○ /dashboard/settings/pos                            10.9 kB         116 kB
├ ○ /dashboard/settings/printing                       14.6 kB         181 kB
├ ○ /dashboard/settings/sessions                       5.19 kB         123 kB
├ ○ /dashboard/settings/sidebar                        6.89 kB         120 kB
├ ○ /dashboard/settings/tax                            9.13 kB         158 kB
├ ○ /dashboard/staff                                   15.2 kB         157 kB
├ ○ /dashboard/store-item-upload                       17.8 kB         160 kB
├ ○ /dashboard/tables                                  11.2 kB         180 kB
├ ○ /dashboard/terminal                                  26 kB         219 kB
├ ○ /dashboard/workflow                                  25 kB         193 kB
├ ○ /deleted-bills                                     3.63 kB         146 kB
├ ○ /demo                                              8.55 kB         151 kB
├ ƒ /menu/[clerkId]                                    34.2 kB         194 kB
├ ƒ /order-tracking/[orderId]                          14.3 kB         174 kB
├ ƒ /payment/result/[id]                               3.21 kB         149 kB
├ ƒ /public/ledger/[partyId]                             563 B         103 kB
├ ○ /qr-menu                                           8.57 kB         180 kB
├ ƒ /qr/[code]                                           563 B         103 kB
├ ƒ /review/[orderId]                                  7.06 kB         127 kB
├ ○ /staff/login                                          8 kB         150 kB
├ ○ /store-item-upload                                   563 B         103 kB
├ ○ /test/qz                                           2.96 kB         114 kB
├ ○ /track                                             6.32 kB         157 kB
└ ○ /upgrade                                           4.69 kB         150 kB
+ First Load JS shared by all                           102 kB
  ├ chunks/1684-23dc285c52887576.js                    46.6 kB
  ├ chunks/4bd1b696-e71b66d225d8e45f.js                53.2 kB
  └ other shared chunks (total)                        2.18 kB


ƒ Middleware                                           31.7 kB

○  (Static)   prerendered as static content
ƒ  (Dynamic)  server-rendered on demand

Starting Server...
Running Playwright Benchmark...
=== STRICT BENCHMARK: D-1 ===
Running iteration 1...
Navigating to page...
>> GET http://localhost:3001/dashboard/menu/view
>> GET http://localhost:3001/_next/static/media/e4af272ccee01ff0-s.p.woff2
>> GET http://localhost:3001/_next/static/css/45079e0a57e524ee.css
>> GET http://localhost:3001/_next/static/css/47f3de3c41ad536b.css
>> GET http://localhost:3001/_next/static/css/3af04494612e9fab.css
>> GET http://localhost:3001/_next/static/chunks/webpack-6fc1f9282f6d0e53.js
>> GET http://localhost:3001/_next/static/chunks/4bd1b696-e71b66d225d8e45f.js
>> GET http://localhost:3001/_next/static/chunks/1684-23dc285c52887576.js
>> GET http://localhost:3001/_next/static/chunks/main-app-15f8366be760b6fd.js
>> GET http://localhost:3001/_next/static/chunks/4521-3ce0632c81905e73.js
>> GET http://localhost:3001/_next/static/chunks/6671-2c59fdb17d65f45d.js
>> GET http://localhost:3001/_next/static/chunks/app/layout-c61016ad7b8a610f.js
>> GET http://localhost:3001/_next/static/chunks/app/error-b72f84e42a584e31.js
>> GET http://localhost:3001/_next/static/chunks/4493-56a77b934a3f9e02.js
>> GET http://localhost:3001/_next/static/chunks/5430-2533ed21105f9380.js
>> GET http://localhost:3001/_next/static/chunks/1906-df48f4ff2ab5abdc.js
>> GET http://localhost:3001/_next/static/chunks/6996-9eaff41893d9fabd.js
>> GET http://localhost:3001/_next/static/chunks/980-5d9864478dbc009e.js
>> GET http://localhost:3001/_next/static/chunks/2609-807dfa739acc9e04.js
>> GET http://localhost:3001/_next/static/chunks/app/dashboard/layout-f617e13a56e6a2df.js
>> GET http://localhost:3001/_next/static/chunks/2010-72b0f30111c46eb2.js
>> GET http://localhost:3001/_next/static/chunks/3063-204cbd4bc32934ab.js
>> GET http://localhost:3001/_next/static/chunks/4244-bf9ae61a055766c4.js
>> GET http://localhost:3001/_next/static/chunks/5059-26a1e9826782b476.js
>> GET http://localhost:3001/_next/static/chunks/app/dashboard/menu/view/page-a487cc39d78ee795.js
>> GET http://localhost:3001/_next/static/chunks/app/global-error-07379679dbd81aac.js
Waiting for list to render...
>> GET http://localhost:3001/api/user/me
>> GET http://localhost:3001/api/user/me
>> GET http://localhost:3001/api/notifications
>> GET http://localhost:3001/api/profile
>> GET http://localhost:3001/api/user/me
>> GET http://localhost:3001/api/profile
>> GET http://localhost:3001/api/menu-editor/addon-groups
>> GET http://localhost:3001/api/menu/view?t=1789452113668
[MOCK] Intercepted /api/menu/view
>> GET http://localhost:3001/api/categories?t=1789452113668
>> GET http://localhost:3001/api/profile/zones
>> GET http://localhost:3001/api/profile
>> GET http://localhost:3001/kravylogo.png
CONSOLE: Failed to load resource: the server responded with a status of 401 (Unauthorized)
CONSOLE ERROR: Failed to load resource: the server responded with a status of 401 (Unauthorized)
>> POST http://localhost:3001/api/auth/refresh-token
>> GET http://localhost:3001/_next/static/media/8e9860b6e62d6359-s.woff2
CONSOLE: Failed to load resource: the server responded with a status of 401 (Unauthorized)
CONSOLE ERROR: Failed to load resource: the server responded with a status of 401 (Unauthorized)
CONSOLE: [Auth] Custom token refresh failed (401): {"success":false,"message":"No refresh token provided"}
CONSOLE: [Auth] Custom token refresh failed (401): {"success":false,"message":"No refresh token provided"}
>> POST http://localhost:3001/api/staff/refresh-token
CONSOLE: Failed to load resource: the server responded with a status of 401 (Unauthorized)
CONSOLE ERROR: Failed to load resource: the server responded with a status of 401 (Unauthorized)
CONSOLE: [Auth] Staff token refresh failed (401): {"success":false,"message":"No refresh token provided"}
CONSOLE: [Auth] Staff token refresh failed (401): {"success":false,"message":"No refresh token provided"}
>> POST http://localhost:3001/api/auth/logout
>> GET http://localhost:3001/auth/custom?error=session_expired
>> GET http://localhost:3001/_next/static/media/e4af272ccee01ff0-s.p.woff2
>> GET http://localhost:3001/_next/static/css/45079e0a57e524ee.css
>> GET http://localhost:3001/_next/static/css/47f3de3c41ad536b.css
>> GET http://localhost:3001/_next/static/chunks/webpack-6fc1f9282f6d0e53.js
>> GET http://localhost:3001/_next/static/chunks/4bd1b696-e71b66d225d8e45f.js
>> GET http://localhost:3001/_next/static/chunks/1684-23dc285c52887576.js
>> GET http://localhost:3001/_next/static/chunks/main-app-15f8366be760b6fd.js
>> GET http://localhost:3001/_next/static/chunks/4521-3ce0632c81905e73.js
>> GET http://localhost:3001/_next/static/chunks/6671-2c59fdb17d65f45d.js
>> GET http://localhost:3001/_next/static/chunks/app/layout-c61016ad7b8a610f.js
>> GET http://localhost:3001/_next/static/chunks/app/error-b72f84e42a584e31.js
>> GET http://localhost:3001/_next/static/chunks/app/auth/custom/page-96d15ebe4a5fa9a3.js
>> GET http://localhost:3001/_next/static/chunks/app/global-error-07379679dbd81aac.js
Failed to render initial state.
<!DOCTYPE html><html lang="en" class="__variable_472ac2 h-full"><head><meta charset="utf-8"><meta name="viewport" content="width=device-width, initial-scale=1"><link rel="preload" href="/_next/static/media/e4af272ccee01ff0-s.p.woff2" as="font" crossorigin="" type="font/woff2"><link rel="stylesheet" href="/_next/static/css/45079e0a57e524ee.css" data-precedence="next"><link rel="stylesheet" href="/_next/static/css/47f3de3c41ad536b.css" data-precedence="next"><link rel="preload" as="script" fetchpriority="low" href="/_next/static/chunks/webpack-6fc1f9282f6d0e53.js"><script src="/_next/static/chunks/4bd1b696-e71b66d225d8e45f.js" async=""></script><script src="/_next/static/chunks/1684-23dc285c52887576.js" async=""></script><script src="/_next/static/chunks/main-app-15f8366be760b6fd.js" async=""></script><script src="/_next/static/chunks/6671-2c59fdb17d65f45d.js" async=""></script><script src="/_next/static/chunks/app/layout-c61016ad7b8a610f.js" async=""></script><script src="/_next/static/chunks/app/error-b72f84e42a584e31.js" async=""></script><script src="/_next/static/chunks/app/auth/custom/page-96d15ebe4a5fa9a3.js" async=""></script><meta name="next-size-adjust" content=""><meta name="theme-color" content="#FF6B35"><title>KravyPOS — Smart Billing System</title><meta name="description" content="Modern point-of-sale and billing system for restaurants and retail"><meta name="application-name" content="KravyPOS"><meta name="mobile-web-app-capable" content="yes"><meta name="apple-mobile-web-app-title" content="KravyPOS"><meta name="apple-mobile-web-app-status-bar-style" content="default"><link rel="shortcut icon" href="/favicon.ico"><link rel="icon" href="/favicon.ico" type="image/x-icon" sizes="1024x1024"><link rel="icon" href="/favicon.ico"><link rel="apple-touch-icon" href="/favicon.ico"><script>document.querySelectorAll('body link[rel="icon"], body link[rel="apple-touch-icon"]').forEach(el => document.head.appendChild(el))</script><script src="/_next/static/chunks/polyfills-42372ed130431b0a.js" nomodule=""></script><style type="text/css">[data-sonner-toaster][dir=ltr],html[dir=ltr]{--toast-icon-margin-start:-3px;--toast-icon-margin-end:4px;--toast-svg-margin-start:-1px;--toast-svg-margin-end:0px;--toast-button-margin-start:auto;--toast-button-margin-end:0;--toast-close-button-start:0;--toast-close-button-end:unset;--toast-close-button-transform:translate(-35%, -35%)}[data-sonner-toaster][dir=rtl],html[dir=rtl]{--toast-icon-margin-start:4px;--toast-icon-margin-end:-3px;--toast-svg-margin-start:0px;--toast-svg-margin-end:-1px;--toast-button-margin-start:0;--toast-button-margin-end:auto;--toast-close-button-start:unset;--toast-close-button-end:0;--toast-close-button-transform:translate(35%, -35%)}[data-sonner-toaster]{position:fixed;width:var(--width);font-family:ui-sans-serif,system-ui,-apple-system,BlinkMacSystemFont,Segoe UI,Roboto,Helvetica Neue,Arial,Noto Sans,sans-serif,Apple Color Emoji,Segoe UI Emoji,Segoe UI Symbol,Noto Color Emoji;--gray1:hsl(0, 0%, 99%);--gray2:hsl(0, 0%, 97.3%);--gray3:hsl(0, 0%, 95.1%);--gray4:hsl(0, 0%, 93%);--gray5:hsl(0, 0%, 90.9%);--gray6:hsl(0, 0%, 88.7%);--gray7:hsl(0, 0%, 85.8%);--gray8:hsl(0, 0%, 78%);--gray9:hsl(0, 0%, 56.1%);--gray10:hsl(0, 0%, 52.3%);--gray11:hsl(0, 0%, 43.5%);--gray12:hsl(0, 0%, 9%);--border-radius:8px;box-sizing:border-box;padding:0;margin:0;list-style:none;outline:0;z-index:999999999;transition:transform .4s ease}@media (hover:none) and (pointer:coarse){[data-sonner-toaster][data-lifted=true]{transform:none}}[data-sonner-toaster][data-x-position=right]{right:var(--offset-right)}[data-sonner-toaster][data-x-position=left]{left:var(--offset-left)}[data-sonner-toaster][data-x-position=center]{left:50%;transform:translateX(-50%)}[data-sonner-toaster][data-y-position=top]{top:var(--offset-top)}[data-sonner-toaster][data-y-position=bottom]{bottom:var(--offset-bottom)}[data-sonner-toast]{--y:translateY(100%);--lift-amount:calc(var(--lift) * var(--gap));z-index:var(--z-index);position:absolute;opacity:0;transform:var(--y);touch-action:none;transition:transform .4s,opacity .4s,height .4s,box-shadow .2s;box-sizing:border-box;outline:0;overflow-wrap:anywhere}[data-sonner-toast][data-styled=true]{padding:16px;background:var(--normal-bg);border:1px solid var(--normal-border);color:var(--normal-text);border-radius:var(--border-radius);box-shadow:0 4px 12px rgba(0,0,0,.1);width:var(--width);font-size:13px;display:flex;align-items:center;gap:6px}[data-sonner-toast]:focus-visible{box-shadow:0 4px 12px rgba(0,0,0,.1),0 0 0 2px rgba(0,0,0,.2)}[data-sonner-toast][data-y-position=top]{top:0;--y:translateY(-100%);--lift:1;--lift-amount:calc(1 * var(--gap))}[data-sonner-toast][data-y-position=bottom]{bottom:0;--y:translateY(100%);--lift:-1;--lift-amount:calc(var(--lift) * var(--gap))}[data-sonner-toast][data-styled=true] [data-description]{font-weight:400;line-height:1.4;color:#3f3f3f}[data-rich-colors=true][data-sonner-toast][data-styled=true] [data-description]{color:inherit}[data-sonner-toaster][data-sonner-theme=dark] [data-description]{color:#e8e8e8}[data-sonner-toast][data-styled=true] [data-title]{font-weight:500;line-height:1.5;color:inherit}[data-sonner-toast][data-styled=true] [data-icon]{display:flex;height:16px;width:16px;position:relative;justify-content:flex-start;align-items:center;flex-shrink:0;margin-left:var(--toast-icon-margin-start);margin-right:var(--toast-icon-margin-end)}[data-sonner-toast][data-promise=true] [data-icon]>svg{opacity:0;transform:scale(.8);transform-origin:center;animation:sonner-fade-in .3s ease forwards}[data-sonner-toast][data-styled=true] [data-icon]>*{flex-shrink:0}[data-sonner-toast][data-styled=true] [data-icon] svg{margin-left:var(--toast-svg-margin-start);margin-right:var(--toast-svg-margin-end)}[data-sonner-toast][data-styled=true] [data-content]{display:flex;flex-direction:column;gap:2px}[data-sonner-toast][data-styled=true] [data-button]{border-radius:4px;padding-left:8px;padding-right:8px;height:24px;font-size:12px;color:var(--normal-bg);background:var(--normal-text);margin-left:var(--toast-button-margin-start);margin-right:var(--toast-button-margin-end);border:none;font-weight:500;cursor:pointer;outline:0;display:flex;align-items:center;flex-shrink:0;transition:opacity .4s,box-shadow .2s}[data-sonner-toast][data-styled=true] [data-button]:focus-visible{box-shadow:0 0 0 2px rgba(0,0,0,.4)}[data-sonner-toast][data-styled=true] [data-button]:first-of-type{margin-left:var(--toast-button-margin-start);margin-right:var(--toast-button-margin-end)}[data-sonner-toast][data-styled=true] [data-cancel]{color:var(--normal-text);background:rgba(0,0,0,.08)}[data-sonner-toaster][data-sonner-theme=dark] [data-sonner-toast][data-styled=true] [data-cancel]{background:rgba(255,255,255,.3)}[data-sonner-toast][data-styled=true] [data-close-button]{position:absolute;left:var(--toast-close-button-start);right:var(--toast-close-button-end);top:0;height:20px;width:20px;display:flex;justify-content:center;align-items:center;padding:0;color:var(--gray12);background:var(--normal-bg);border:1px solid var(--gray4);transform:var(--toast-close-button-transform);border-radius:50%;cursor:pointer;z-index:1;transition:opacity .1s,background .2s,border-color .2s}[data-sonner-toast][data-styled=true] [data-close-button]:focus-visible{box-shadow:0 4px 12px rgba(0,0,0,.1),0 0 0 2px rgba(0,0,0,.2)}[data-sonner-toast][data-styled=true] [data-disabled=true]{cursor:not-allowed}[data-sonner-toast][data-styled=true]:hover [data-close-button]:hover{background:var(--gray2);border-color:var(--gray5)}[data-sonner-toast][data-swiping=true]::before{content:'';position:absolute;left:-100%;right:-100%;height:100%;z-index:-1}[data-sonner-toast][data-y-position=top][data-swiping=true]::before{bottom:50%;transform:scaleY(3) translateY(50%)}[data-sonner-toast][data-y-position=bottom][data-swiping=true]::before{top:50%;transform:scaleY(3) translateY(-50%)}[data-sonner-toast][data-swiping=false][data-removed=true]::before{content:'';position:absolute;inset:0;transform:scaleY(2)}[data-sonner-toast][data-expanded=true]::after{content:'';position:absolute;left:0;height:calc(var(--gap) + 1px);bottom:100%;width:100%}[data-sonner-toast][data-mounted=true]{--y:translateY(0);opacity:1}[data-sonner-toast][data-expanded=false][data-front=false]{--scale:var(--toasts-before) * 0.05 + 1;--y:translateY(calc(var(--lift-amount) * var(--toasts-before))) scale(calc(-1 * var(--scale)));height:var(--front-toast-height)}[data-sonner-toast]>*{transition:opacity .4s}[data-sonner-toast][data-x-position=right]{right:0}[data-sonner-toast][data-x-position=left]{left:0}[data-sonner-toast][data-expanded=false][data-front=false][data-styled=true]>*{opacity:0}[data-sonner-toast][data-visible=false]{opacity:0;pointer-events:none}[data-sonner-toast][data-mounted=true][data-expanded=true]{--y:translateY(calc(var(--lift) * var(--offset)));height:var(--initial-height)}[data-sonner-toast][data-removed=true][data-front=true][data-swipe-out=false]{--y:translateY(calc(var(--lift) * -100%));opacity:0}[data-sonner-toast][data-removed=true][data-front=false][data-swipe-out=false][data-expanded=true]{--y:translateY(calc(var(--lift) * var(--offset) + var(--lift) * -100%));opacity:0}[data-sonner-toast][data-removed=true][data-front=false][data-swipe-out=false][data-expanded=false]{--y:translateY(40%);opacity:0;transition:transform .5s,opacity .2s}[data-sonner-toast][data-removed=true][data-front=false]::before{height:calc(var(--initial-height) + 20%)}[data-sonner-toast][data-swiping=true]{transform:var(--y) translateY(var(--swipe-amount-y,0)) translateX(var(--swipe-amount-x,0));transition:none}[data-sonner-toast][data-swiped=true]{user-select:none}[data-sonner-toast][data-swipe-out=true][data-y-position=bottom],[data-sonner-toast][data-swipe-out=true][data-y-position=top]{animation-duration:.2s;animation-timing-function:ease-out;animation-fill-mode:forwards}[data-sonner-toast][data-swipe-out=true][data-swipe-direction=left]{animation-name:swipe-out-left}[data-sonner-toast][data-swipe-out=true][data-swipe-direction=right]{animation-name:swipe-out-right}[data-sonner-toast][data-swipe-out=true][data-swipe-direction=up]{animation-name:swipe-out-up}[data-sonner-toast][data-swipe-out=true][data-swipe-direction=down]{animation-name:swipe-out-down}@keyframes swipe-out-left{from{transform:var(--y) translateX(var(--swipe-amount-x));opacity:1}to{transform:var(--y) translateX(calc(var(--swipe-amount-x) - 100%));opacity:0}}@keyframes swipe-out-right{from{transform:var(--y) translateX(var(--swipe-amount-x));opacity:1}to{transform:var(--y) translateX(calc(var(--swipe-amount-x) + 100%));opacity:0}}@keyframes swipe-out-up{from{transform:var(--y) translateY(var(--swipe-amount-y));opacity:1}to{transform:var(--y) translateY(calc(var(--swipe-amount-y) - 100%));opacity:0}}@keyframes swipe-out-down{from{transform:var(--y) translateY(var(--swipe-amount-y));opacity:1}to{transform:var(--y) translateY(calc(var(--swipe-amount-y) + 100%));opacity:0}}@media (max-width:600px){[data-sonner-toaster]{position:fixed;right:var(--mobile-offset-right);left:var(--mobile-offset-left);width:100%}[data-sonner-toaster][dir=rtl]{left:calc(var(--mobile-offset-left) * -1)}[data-sonner-toaster] [data-sonner-toast]{left:0;right:0;width:calc(100% - var(--mobile-offset-left) * 2)}[data-sonner-toaster][data-x-position=left]{left:var(--mobile-offset-left)}[data-sonner-toaster][data-y-position=bottom]{bottom:var(--mobile-offset-bottom)}[data-sonner-toaster][data-y-position=top]{top:var(--mobile-offset-top)}[data-sonner-toaster][data-x-position=center]{left:var(--mobile-offset-left);right:var(--mobile-offset-right);transform:none}}[data-sonner-toaster][data-sonner-theme=light]{--normal-bg:#fff;--normal-border:var(--gray4);--normal-text:var(--gray12);--success-bg:hsl(143, 85%, 96%);--success-border:hsl(145, 92%, 87%);--success-text:hsl(140, 100%, 27%);--info-bg:hsl(208, 100%, 97%);--info-border:hsl(221, 91%, 93%);--info-text:hsl(210, 92%, 45%);--warning-bg:hsl(49, 100%, 97%);--warning-border:hsl(49, 91%, 84%);--warning-text:hsl(31, 92%, 45%);--error-bg:hsl(359, 100%, 97%);--error-border:hsl(359, 100%, 94%);--error-text:hsl(360, 100%, 45%)}[data-sonner-toaster][data-sonner-theme=light] [data-sonner-toast][data-invert=true]{--normal-bg:#000;--normal-border:hsl(0, 0%, 20%);--normal-text:var(--gray1)}[data-sonner-toaster][data-sonner-theme=dark] [data-sonner-toast][data-invert=true]{--normal-bg:#fff;--normal-border:var(--gray3);--normal-text:var(--gray12)}[data-sonner-toaster][data-sonner-theme=dark]{--normal-bg:#000;--normal-bg-hover:hsl(0, 0%, 12%);--normal-border:hsl(0, 0%, 20%);--normal-border-hover:hsl(0, 0%, 25%);--normal-text:var(--gray1);--success-bg:hsl(150, 100%, 6%);--success-border:hsl(147, 100%, 12%);--success-text:hsl(150, 86%, 65%);--info-bg:hsl(215, 100%, 6%);--info-border:hsl(223, 43%, 17%);--info-text:hsl(216, 87%, 65%);--warning-bg:hsl(64, 100%, 6%);--warning-border:hsl(60, 100%, 9%);--warning-text:hsl(46, 87%, 65%);--error-bg:hsl(358, 76%, 10%);--error-border:hsl(357, 89%, 16%);--error-text:hsl(358, 100%, 81%)}[data-sonner-toaster][data-sonner-theme=dark] [data-sonner-toast] [data-close-button]{background:var(--normal-bg);border-color:var(--normal-border);color:var(--normal-text)}[data-sonner-toaster][data-sonner-theme=dark] [data-sonner-toast] [data-close-button]:hover{background:var(--normal-bg-hover);border-color:var(--normal-border-hover)}[data-rich-colors=true][data-sonner-toast][data-type=success]{background:var(--success-bg);border-color:var(--success-border);color:var(--success-text)}[data-rich-colors=true][data-sonner-toast][data-type=success] [data-close-button]{background:var(--success-bg);border-color:var(--success-border);color:var(--success-text)}[data-rich-colors=true][data-sonner-toast][data-type=info]{background:var(--info-bg);border-color:var(--info-border);color:var(--info-text)}[data-rich-colors=true][data-sonner-toast][data-type=info] [data-close-button]{background:var(--info-bg);border-color:var(--info-border);color:var(--info-text)}[data-rich-colors=true][data-sonner-toast][data-type=warning]{background:var(--warning-bg);border-color:var(--warning-border);color:var(--warning-text)}[data-rich-colors=true][data-sonner-toast][data-type=warning] [data-close-button]{background:var(--warning-bg);border-color:var(--warning-border);color:var(--warning-text)}[data-rich-colors=true][data-sonner-toast][data-type=error]{background:var(--error-bg);border-color:var(--error-border);color:var(--error-text)}[data-rich-colors=true][data-sonner-toast][data-type=error] [data-close-button]{background:var(--error-bg);border-color:var(--error-border);color:var(--error-text)}.sonner-loading-wrapper{--size:16px;height:var(--size);width:var(--size);position:absolute;inset:0;z-index:10}.sonner-loading-wrapper[data-visible=false]{transform-origin:center;animation:sonner-fade-out .2s ease forwards}.sonner-spinner{position:relative;top:50%;left:50%;height:var(--size);width:var(--size)}.sonner-loading-bar{animation:sonner-spin 1.2s linear infinite;background:var(--gray11);border-radius:6px;height:8%;left:-10%;position:absolute;top:-3.9%;width:24%}.sonner-loading-bar:first-child{animation-delay:-1.2s;transform:rotate(.0001deg) translate(146%)}.sonner-loading-bar:nth-child(2){animation-delay:-1.1s;transform:rotate(30deg) translate(146%)}.sonner-loading-bar:nth-child(3){animation-delay:-1s;transform:rotate(60deg) translate(146%)}.sonner-loading-bar:nth-child(4){animation-delay:-.9s;transform:rotate(90deg) translate(146%)}.sonner-loading-bar:nth-child(5){animation-delay:-.8s;transform:rotate(120deg) translate(146%)}.sonner-loading-bar:nth-child(6){animation-delay:-.7s;transform:rotate(150deg) translate(146%)}.sonner-loading-bar:nth-child(7){animation-delay:-.6s;transform:rotate(180deg) translate(146%)}.sonner-loading-bar:nth-child(8){animation-delay:-.5s;transform:rotate(210deg) translate(146%)}.sonner-loading-bar:nth-child(9){animation-delay:-.4s;transform:rotate(240deg) translate(146%)}.sonner-loading-bar:nth-child(10){animation-delay:-.3s;transform:rotate(270deg) translate(146%)}.sonner-loading-bar:nth-child(11){animation-delay:-.2s;transform:rotate(300deg) translate(146%)}.sonner-loading-bar:nth-child(12){animation-delay:-.1s;transform:rotate(330deg) translate(146%)}@keyframes sonner-fade-in{0%{opacity:0;transform:scale(.8)}100%{opacity:1;transform:scale(1)}}@keyframes sonner-fade-out{0%{opacity:1;transform:scale(1)}100%{opacity:0;transform:scale(.8)}}@keyframes sonner-spin{0%{opacity:1}100%{opacity:.15}}@media (prefers-reduced-motion){.sonner-loading-bar,[data-sonner-toast],[data-sonner-toast]>*{transition:none!important;animation:none!important}}.sonner-loader{position:absolute;top:50%;left:50%;transform:translate(-50%,-50%);transform-origin:center;transition:opacity .2s,transform .2s}.sonner-loader[data-visible=false]{opacity:0;transform:scale(.8) translate(-50%,-50%)}</style><style id="_goober"> @keyframes go2264125279{from{transform:scale(0) rotate(45deg);opacity:0;}to{transform:scale(1) rotate(45deg);opacity:1;}}@keyframes go3020080000{from{transform:scale(0);opacity:0;}to{transform:scale(1);opacity:1;}}@keyframes go463499852{from{transform:scale(0) rotate(90deg);opacity:0;}to{transform:scale(1) rotate(90deg);opacity:1;}}@keyframes go1268368563{from{transform:rotate(0deg);}to{transform:rotate(360deg);}}@keyframes go1310225428{from{transform:scale(0) rotate(45deg);opacity:0;}to{transform:scale(1) rotate(45deg);opacity:1;}}@keyframes go651618207{0%{height:0;width:0;opacity:0;}40%{height:0;width:6px;opacity:1;}100%{opacity:1;height:10px;}}@keyframes go901347462{from{transform:scale(0.6);opacity:0.4;}to{transform:scale(1);opacity:1;}}.go4109123758{z-index:9999;}.go4109123758 > *{pointer-events:auto;}</style></head><body class="h-full" style="font-family:var(--font-inter), system-ui, sans-serif"><div hidden=""><!--$--><!--/$--></div><div data-rht-toaster="" style="position:fixed;z-index:9999;top:16px;left:16px;right:16px;bottom:16px;pointer-events:none"></div><div class="min-h-screen bg-[#0a0a0a] flex items-center justify-center p-4 selection:bg-emerald-500/30"><div class="fixed top-0 left-0 w-full h-full overflow-hidden -z-10"><div class="absolute top-[-10%] left-[-10%] w-[40%] h-[40%] bg-emerald-500/10 blur-[120px] rounded-full animate-pulse"></div><div class="absolute bottom-[-10%] right-[-10%] w-[40%] h-[40%] bg-blue-500/10 blur-[120px] rounded-full"></div></div><div class="w-full max-w-md bg-white/5 backdrop-blur-xl border border-white/10 rounded-3xl p-8 shadow-2xl animate-in fade-in zoom-in duration-500"><div class="text-center mb-8"><div class="w-16 h-16 bg-emerald-500/10 rounded-2xl flex items-center justify-center mx-auto mb-4 border border-emerald-500/20"><svg xmlns="http://www.w3.org/2000/svg" width="32" height="32" viewBox="0 0 24 24" fill="none" stroke="currentColor" stroke-width="2" stroke-linecap="round" stroke-linejoin="round" class="lucide lucide-shield-check text-emerald-500" aria-hidden="true"><path d="M20 13c0 5-3.5 7.5-7.66 8.95a1 1 0 0 1-.67-.01C7.5 20.5 4 18 4 13V6a1 1 0 0 1 1-1c2 0 4.5-1.2 6.24-2.72a1.17 1.17 0 0 1 1.52 0C14.51 3.81 17 5 19 5a1 1 0 0 1 1 1z"></path><path d="m9 12 2 2 4-4"></path></svg></div><h1 class="text-3xl font-black text-white tracking-tight">Welcome Back</h1><p class="text-white/50 text-sm mt-2">Login to manage your business</p></div><form class="space-y-4"><div class="relative group animate-in slide-in-from-top-2"><svg xmlns="http://www.w3.org/2000/svg" width="18" height="18" viewBox="0 0 24 24" fill="none" stroke="currentColor" stroke-width="2" stroke-linecap="round" stroke-linejoin="round" class="lucide lucide-mail absolute left-4 top-1/2 -translate-y-1/2 text-white/30 group-focus-within:text-emerald-500 transition-colors" aria-hidden="true"><path d="m22 7-8.991 5.727a2 2 0 0 1-2.009 0L2 7"></path><rect x="2" y="4" width="20" height="16" rx="2"></rect></svg><input type="text" placeholder="Email or Phone Number" required="" class="w-full bg-white/5 border border-white/10 rounded-2xl py-4 pl-12 pr-4 text-white placeholder:text-white/20 focus:outline-none focus:border-emerald-500/50 focus:bg-white/10 transition-all" name="email" value=""></div><div class="relative group"><svg xmlns="http://www.w3.org/2000/svg" width="18" height="18" viewBox="0 0 24 24" fill="none" stroke="currentColor" stroke-width="2" stroke-linecap="round" stroke-linejoin="round" class="lucide lucide-lock absolute left-4 top-1/2 -translate-y-1/2 text-white/30 group-focus-within:text-emerald-500 transition-colors" aria-hidden="true"><rect width="18" height="11" x="3" y="11" rx="2" ry="2"></rect><path d="M7 11V7a5 5 0 0 1 10 0v4"></path></svg><input type="password" placeholder="Password" required="" class="w-full bg-white/5 border border-white/10 rounded-2xl py-4 pl-12 pr-12 text-white placeholder:text-white/20 focus:outline-none focus:border-emerald-500/50 focus:bg-white/10 transition-all" name="password" value=""><button type="button" class="absolute right-4 top-1/2 -translate-y-1/2 text-white/20 hover:text-white/60 transition-colors"><svg xmlns="http://www.w3.org/2000/svg" width="18" height="18" viewBox="0 0 24 24" fill="none" stroke="currentColor" stroke-width="2" stroke-linecap="round" stroke-linejoin="round" class="lucide lucide-eye" aria-hidden="true"><path d="M2.062 12.348a1 1 0 0 1 0-.696 10.75 10.75 0 0 1 19.876 0 1 1 0 0 1 0 .696 10.75 10.75 0 0 1-19.876 0"></path><circle cx="12" cy="12" r="3"></circle></svg></button></div><div class="flex justify-end px-1"><button type="button" class="text-xs font-bold text-white/30 hover:text-emerald-500 transition-colors uppercase tracking-widest">Forgot Password?</button></div><button type="submit" class="w-full bg-emerald-500 hover:bg-emerald-600 shadow-emerald-500/20 disabled:opacity-50 text-[#0a0a0a] font-bold py-4 rounded-2xl flex items-center justify-center gap-2 transition-all active:scale-[0.98] shadow-lg">Login<svg xmlns="http://www.w3.org/2000/svg" width="18" height="18" viewBox="0 0 24 24" fill="none" stroke="currentColor" stroke-width="2" stroke-linecap="round" stroke-linejoin="round" class="lucide lucide-arrow-right" aria-hidden="true"><path d="M5 12h14"></path><path d="m12 5 7 7-7 7"></path></svg></button><div class="mt-8 text-center text-sm"><p class="text-white/40 font-medium">Don't have an account?<!-- --> <button class="text-emerald-500 font-bold hover:underline ml-1">Sign Up</button></p></div><div class="mt-6 pt-6 border-t border-white/10 text-center"><p class="text-white/30 text-[10px] font-black uppercase tracking-widest mb-4">Need Help?</p><div class="flex flex-col gap-3"><a href="tel:+919403893991" class="flex items-center justify-center gap-2 text-white/50 hover:text-emerald-500 transition-colors text-xs font-bold bg-white/5 py-2 rounded-xl border border-white/5"><svg xmlns="http://www.w3.org/2000/svg" width="14" height="14" viewBox="0 0 24 24" fill="none" stroke="currentColor" stroke-width="2" stroke-linecap="round" stroke-linejoin="round" class="lucide lucide-phone" aria-hidden="true"><path d="M13.832 16.568a1 1 0 0 0 1.213-.303l.355-.465A2 2 0 0 1 17 15h3a2 2 0 0 1 2 2v3a2 2 0 0 1-2 2A18 18 0 0 1 2 4a2 2 0 0 1 2-2h3a2 2 0 0 1 2 2v3a2 2 0 0 1-.8 1.6l-.468.351a1 1 0 0 0-.292 1.233 14 14 0 0 0 6.392 6.384"></path></svg> Call Support: +91 9403893991</a><a href="https://wa.me/919289507882" target="_blank" rel="noopener noreferrer" class="flex items-center justify-center gap-2 text-white/50 hover:text-emerald-500 transition-colors text-xs font-bold bg-white/5 py-2 rounded-xl border border-white/5"><svg xmlns="http://www.w3.org/2000/svg" width="14" height="14" viewBox="0 0 24 24" fill="none" stroke="currentColor" stroke-width="2" stroke-linecap="round" stroke-linejoin="round" class="lucide lucide-message-square" aria-hidden="true"><path d="M22 17a2 2 0 0 1-2 2H6.828a2 2 0 0 0-1.414.586l-2.202 2.202A.71.71 0 0 1 2 21.286V5a2 2 0 0 1 2-2h16a2 2 0 0 1 2 2z"></path></svg> WhatsApp: +91 9289507882</a></div></div></form></div></div><!--$--><!--/$--><section aria-label="Notifications alt+T" tabindex="-1" aria-live="polite" aria-relevant="additions text" aria-atomic="false"></section><script src="/_next/static/chunks/webpack-6fc1f9282f6d0e53.js" async=""></script><script>(self.__next_f=self.__next_f||[]).push([0])</script><script>self.__next_f.push([1,"1:\"$Sreact.fragment\"\n2:I[29808,[\"4521\",\"static/chunks/4521-3ce0632c81905e73.js\",\"6671\",\"static/chunks/6671-2c59fdb17d65f45d.js\",\"7177\",\"static/chunks/app/layout-c61016ad7b8a610f.js\"],\"default\"]\n3:\"$Sreact.suspense\"\n4:I[16259,[\"4521\",\"static/chunks/4521-3ce0632c81905e73.js\",\"6671\",\"static/chunks/6671-2c59fdb17d65f45d.js\",\"7177\",\"static/chunks/app/layout-c61016ad7b8a610f.js\"],\"default\"]\n5:I[87555,[],\"\"]\n6:I[51901,[\"8039\",\"static/chunks/app/error-b72f84e42a584e31.js\"],\"default\"]\n7:I[31295,[],\"\"]\n8:I[56671,[\"4521\",\"static/chunks/4521-3ce0632c81905e73.js\",\"6671\",\"static/chunks/6671-2c59fdb17d65f45d.js\",\"7177\",\"static/chunks/app/layout-c61016ad7b8a610f.js\"],\"Toaster\"]\n9:I[90894,[],\"ClientPageRoot\"]\na:I[52252,[\"6671\",\"static/chunks/6671-2c59fdb17d65f45d.js\",\"8641\",\"static/chunks/app/auth/custom/page-96d15ebe4a5fa9a3.js\"],\"default\"]\nd:I[59665,[],\"OutletBoundary\"]\n10:I[74911,[],\"AsyncMetadataOutlet\"]\n12:I[59665,[],\"ViewportBoundary\"]\n14:I[59665,[],\"MetadataBoundary\"]\n16:I[98385,[\"4219\",\"static/chunks/app/global-error-07379679dbd81aac.js\"],\"default\"]\n:HL[\"/_next/static/media/e4af272ccee01ff0-s.p.woff2\",\"font\",{\"crossOrigin\":\"\",\"type\":\"font/woff2\"}]\n:HL[\"/_next/static/css/45079e0a57e524ee.css\",\"style\"]\n:HL[\"/_next/static/css/47f3de3c41ad536b.css\",\"style\"]\n"])</script><script>self.__next_f.push([1,"0:{\"P\":null,\"b\":\"bv6k3nqgPHGaVhEc5b7AN\",\"p\":\"\",\"c\":[\"\",\"auth\",\"custom\"],\"i\":false,\"f\":[[[\"\",{\"children\":[\"auth\",{\"children\":[\"custom\",{\"children\":[\"__PAGE__\",{}]}]}]},\"$undefined\",\"$undefined\",true],[\"\",[\"$\",\"$1\",\"c\",{\"children\":[[[\"$\",\"link\",\"0\",{\"rel\":\"stylesheet\",\"href\":\"/_next/static/css/45079e0a57e524ee.css\",\"precedence\":\"next\",\"crossOrigin\":\"$undefined\",\"nonce\":\"$undefined\"}],[\"$\",\"link\",\"1\",{\"rel\":\"stylesheet\",\"href\":\"/_next/static/css/47f3de3c41ad536b.css\",\"precedence\":\"next\",\"crossOrigin\":\"$undefined\",\"nonce\":\"$undefined\"}]],[\"$\",\"html\",null,{\"lang\":\"en\",\"className\":\"__variable_472ac2 h-full\",\"children\":[\"$\",\"body\",null,{\"className\":\"h-full\",\"style\":{\"fontFamily\":\"var(--font-inter), system-ui, sans-serif\"},\"children\":[\"$\",\"$L2\",null,{\"children\":[[\"$\",\"$3\",null,{\"fallback\":null,\"children\":[\"$\",\"$L4\",null,{}]}],[\"$\",\"$L5\",null,{\"parallelRouterKey\":\"children\",\"error\":\"$6\",\"errorStyles\":[],\"errorScripts\":[],\"template\":[\"$\",\"$L7\",null,{}],\"templateStyles\":\"$undefined\",\"templateScripts\":\"$undefined\",\"notFound\":[[[\"$\",\"title\",null,{\"children\":\"404: This page could not be found.\"}],[\"$\",\"div\",null,{\"style\":{\"fontFamily\":\"system-ui,\\\"Segoe UI\\\",Roboto,Helvetica,Arial,sans-serif,\\\"Apple Color Emoji\\\",\\\"Segoe UI Emoji\\\"\",\"height\":\"100vh\",\"textAlign\":\"center\",\"display\":\"flex\",\"flexDirection\":\"column\",\"alignItems\":\"center\",\"justifyContent\":\"center\"},\"children\":[\"$\",\"div\",null,{\"children\":[[\"$\",\"style\",null,{\"dangerouslySetInnerHTML\":{\"__html\":\"body{color:#000;background:#fff;margin:0}.next-error-h1{border-right:1px solid rgba(0,0,0,.3)}@media (prefers-color-scheme:dark){body{color:#fff;background:#000}.next-error-h1{border-right:1px solid rgba(255,255,255,.3)}}\"}}],[\"$\",\"h1\",null,{\"className\":\"next-error-h1\",\"style\":{\"display\":\"inline-block\",\"margin\":\"0 20px 0 0\",\"padding\":\"0 23px 0 0\",\"fontSize\":24,\"fontWeight\":500,\"verticalAlign\":\"top\",\"lineHeight\":\"49px\"},\"children\":404}],[\"$\",\"div\",null,{\"style\":{\"display\":\"inline-block\"},\"children\":[\"$\",\"h2\",null,{\"style\":{\"fontSize\":14,\"fontWeight\":400,\"lineHeight\":\"49px\",\"margin\":0},\"children\":\"This page could not be found.\"}]}]]}]}]],[]],\"forbidden\":\"$undefined\",\"unauthorized\":\"$undefined\"}],[\"$\",\"$L8\",null,{\"richColors\":true,\"position\":\"top-right\"}]]}]}]}]]}],{\"children\":[\"auth\",[\"$\",\"$1\",\"c\",{\"children\":[null,[\"$\",\"$L5\",null,{\"parallelRouterKey\":\"children\",\"error\":\"$undefined\",\"errorStyles\":\"$undefined\",\"errorScripts\":\"$undefined\",\"template\":[\"$\",\"$L7\",null,{}],\"templateStyles\":\"$undefined\",\"templateScripts\":\"$undefined\",\"notFound\":\"$undefined\",\"forbidden\":\"$undefined\",\"unauthorized\":\"$undefined\"}]]}],{\"children\":[\"custom\",[\"$\",\"$1\",\"c\",{\"children\":[null,[\"$\",\"$L5\",null,{\"parallelRouterKey\":\"children\",\"error\":\"$undefined\",\"errorStyles\":\"$undefined\",\"errorScripts\":\"$undefined\",\"template\":[\"$\",\"$L7\",null,{}],\"templateStyles\":\"$undefined\",\"templateScripts\":\"$undefined\",\"notFound\":\"$undefined\",\"forbidden\":\"$undefined\",\"unauthorized\":\"$undefined\"}]]}],{\"children\":[\"__PAGE__\",[\"$\",\"$1\",\"c\",{\"children\":[[\"$\",\"$L9\",null,{\"Component\":\"$a\",\"searchParams\":{},\"params\":{},\"promises\":[\"$@b\",\"$@c\"]}],null,[\"$\",\"$Ld\",null,{\"children\":[\"$Le\",\"$Lf\",[\"$\",\"$L10\",null,{\"promise\":\"$@11\"}]]}]]}],{},null,false]},null,false]},null,false]},null,false],[\"$\",\"$1\",\"h\",{\"children\":[null,[\"$\",\"$1\",\"YOZpYMDD63NEZfYj5Ow6bv\",{\"children\":[[\"$\",\"$L12\",null,{\"children\":\"$L13\"}],[\"$\",\"meta\",null,{\"name\":\"next-size-adjust\",\"content\":\"\"}]]}],[\"$\",\"$L14\",null,{\"children\":\"$L15\"}]]}],false]],\"m\":\"$undefined\",\"G\":[\"$16\",[]],\"s\":false,\"S\":true}\n"])</script><script>self.__next_f.push([1,"17:I[74911,[],\"AsyncMetadata\"]\nb:{}\nc:{}\n15:[\"$\",\"div\",null,{\"hidden\":true,\"children\":[\"$\",\"$3\",null,{\"fallback\":null,\"children\":[\"$\",\"$L17\",null,{\"promise\":\"$@18\"}]}]}]\n"])</script><script>self.__next_f.push([1,"f:null\n"])</script><script>self.__next_f.push([1,"13:[[\"$\",\"meta\",\"0\",{\"charSet\":\"utf-8\"}],[\"$\",\"meta\",\"1\",{\"name\":\"viewport\",\"content\":\"width=device-width, initial-scale=1\"}],[\"$\",\"meta\",\"2\",{\"name\":\"theme-color\",\"content\":\"#FF6B35\"}]]\ne:null\n"])</script><script>self.__next_f.push([1,"11:{\"metadata\":[[\"$\",\"title\",\"0\",{\"children\":\"KravyPOS — Smart Billing System\"}],[\"$\",\"meta\",\"1\",{\"name\":\"description\",\"content\":\"Modern point-of-sale and billing system for restaurants and retail\"}],[\"$\",\"meta\",\"2\",{\"name\":\"application-name\",\"content\":\"KravyPOS\"}],[\"$\",\"meta\",\"3\",{\"name\":\"mobile-web-app-capable\",\"content\":\"yes\"}],[\"$\",\"meta\",\"4\",{\"name\":\"apple-mobile-web-app-title\",\"content\":\"KravyPOS\"}],[\"$\",\"meta\",\"5\",{\"name\":\"apple-mobile-web-app-status-bar-style\",\"content\":\"default\"}],[\"$\",\"link\",\"6\",{\"rel\":\"shortcut icon\",\"href\":\"/favicon.ico\"}],[\"$\",\"link\",\"7\",{\"rel\":\"icon\",\"href\":\"/favicon.ico\",\"type\":\"image/x-icon\",\"sizes\":\"1024x1024\"}],[\"$\",\"link\",\"8\",{\"rel\":\"icon\",\"href\":\"/favicon.ico\"}],[\"$\",\"link\",\"9\",{\"rel\":\"apple-touch-icon\",\"href\":\"/favicon.ico\"}]],\"error\":null,\"digest\":\"$undefined\"}\n18:{\"metadata\":\"$11:metadata\",\"error\":null,\"digest\":\"$undefined\"}\n"])</script><next-route-announcer style="position: absolute;"></next-route-announcer></body></html>
Running iteration 2...
Navigating to page...
>> GET http://localhost:3001/dashboard/menu/view
>> GET http://localhost:3001/_next/static/media/e4af272ccee01ff0-s.p.woff2
>> GET http://localhost:3001/_next/static/css/45079e0a57e524ee.css
>> GET http://localhost:3001/_next/static/css/47f3de3c41ad536b.css
>> GET http://localhost:3001/_next/static/css/3af04494612e9fab.css
>> GET http://localhost:3001/_next/static/chunks/webpack-6fc1f9282f6d0e53.js
>> GET http://localhost:3001/_next/static/chunks/4bd1b696-e71b66d225d8e45f.js
>> GET http://localhost:3001/_next/static/chunks/1684-23dc285c52887576.js
Waiting for list to render...
>> GET http://localhost:3001/_next/static/chunks/main-app-15f8366be760b6fd.js
>> GET http://localhost:3001/_next/static/chunks/4521-3ce0632c81905e73.js
>> GET http://localhost:3001/_next/static/chunks/6671-2c59fdb17d65f45d.js
>> GET http://localhost:3001/_next/static/chunks/app/layout-c61016ad7b8a610f.js
>> GET http://localhost:3001/_next/static/chunks/app/error-b72f84e42a584e31.js
>> GET http://localhost:3001/_next/static/chunks/4493-56a77b934a3f9e02.js
>> GET http://localhost:3001/_next/static/chunks/5430-2533ed21105f9380.js
>> GET http://localhost:3001/_next/static/chunks/1906-df48f4ff2ab5abdc.js
>> GET http://localhost:3001/_next/static/chunks/6996-9eaff41893d9fabd.js
>> GET http://localhost:3001/_next/static/chunks/980-5d9864478dbc009e.js
>> GET http://localhost:3001/_next/static/chunks/2609-807dfa739acc9e04.js
>> GET http://localhost:3001/_next/static/chunks/app/dashboard/layout-f617e13a56e6a2df.js
>> GET http://localhost:3001/_next/static/chunks/2010-72b0f30111c46eb2.js
>> GET http://localhost:3001/_next/static/chunks/3063-204cbd4bc32934ab.js
>> GET http://localhost:3001/_next/static/chunks/4244-bf9ae61a055766c4.js
>> GET http://localhost:3001/_next/static/chunks/5059-26a1e9826782b476.js
>> GET http://localhost:3001/_next/static/chunks/app/dashboard/menu/view/page-a487cc39d78ee795.js
>> GET http://localhost:3001/_next/static/chunks/app/global-error-07379679dbd81aac.js
>> GET http://localhost:3001/api/user/me
>> GET http://localhost:3001/api/user/me
>> GET http://localhost:3001/api/notifications
>> GET http://localhost:3001/api/profile
>> GET http://localhost:3001/api/user/me
>> GET http://localhost:3001/api/profile
>> GET http://localhost:3001/api/menu-editor/addon-groups
>> GET http://localhost:3001/api/menu/view?t=1789452143882
[MOCK] Intercepted /api/menu/view
>> GET http://localhost:3001/api/categories?t=1789452143882
>> GET http://localhost:3001/api/profile/zones
>> GET http://localhost:3001/api/profile
>> GET http://localhost:3001/kravylogo.png
CONSOLE: Failed to load resource: the server responded with a status of 401 (Unauthorized)
CONSOLE ERROR: Failed to load resource: the server responded with a status of 401 (Unauthorized)
>> POST http://localhost:3001/api/auth/refresh-token
CONSOLE: Failed to load resource: the server responded with a status of 401 (Unauthorized)
CONSOLE ERROR: Failed to load resource: the server responded with a status of 401 (Unauthorized)
>> GET http://localhost:3001/_next/static/media/8e9860b6e62d6359-s.woff2
CONSOLE: [Auth] Custom token refresh failed (401): {"success":false,"message":"No refresh token provided"}
CONSOLE: [Auth] Custom token refresh failed (401): {"success":false,"message":"No refresh token provided"}
>> POST http://localhost:3001/api/staff/refresh-token
CONSOLE: Failed to load resource: the server responded with a status of 401 (Unauthorized)
CONSOLE ERROR: Failed to load resource: the server responded with a status of 401 (Unauthorized)
CONSOLE: [Auth] Staff token refresh failed (401): {"success":false,"message":"No refresh token provided"}
CONSOLE: [Auth] Staff token refresh failed (401): {"success":false,"message":"No refresh token provided"}
>> POST http://localhost:3001/api/auth/logout
>> GET http://localhost:3001/auth/custom?error=session_expired
>> GET http://localhost:3001/_next/static/media/e4af272ccee01ff0-s.p.woff2
>> GET http://localhost:3001/_next/static/css/45079e0a57e524ee.css
>> GET http://localhost:3001/_next/static/css/47f3de3c41ad536b.css
>> GET http://localhost:3001/_next/static/chunks/webpack-6fc1f9282f6d0e53.js
>> GET http://localhost:3001/_next/static/chunks/4bd1b696-e71b66d225d8e45f.js
>> GET http://localhost:3001/_next/static/chunks/1684-23dc285c52887576.js
>> GET http://localhost:3001/_next/static/chunks/main-app-15f8366be760b6fd.js
>> GET http://localhost:3001/_next/static/chunks/4521-3ce0632c81905e73.js
>> GET http://localhost:3001/_next/static/chunks/6671-2c59fdb17d65f45d.js
>> GET http://localhost:3001/_next/static/chunks/app/layout-c61016ad7b8a610f.js
>> GET http://localhost:3001/_next/static/chunks/app/error-b72f84e42a584e31.js
>> GET http://localhost:3001/_next/static/chunks/app/auth/custom/page-96d15ebe4a5fa9a3.js
>> GET http://localhost:3001/_next/static/chunks/app/global-error-07379679dbd81aac.js
Failed to render initial state.
<!DOCTYPE html><html lang="en" class="__variable_472ac2 h-full"><head><meta charset="utf-8"><meta name="viewport" content="width=device-width, initial-scale=1"><link rel="preload" href="/_next/static/media/e4af272ccee01ff0-s.p.woff2" as="font" crossorigin="" type="font/woff2"><link rel="stylesheet" href="/_next/static/css/45079e0a57e524ee.css" data-precedence="next"><link rel="stylesheet" href="/_next/static/css/47f3de3c41ad536b.css" data-precedence="next"><link rel="preload" as="script" fetchpriority="low" href="/_next/static/chunks/webpack-6fc1f9282f6d0e53.js"><script src="/_next/static/chunks/4bd1b696-e71b66d225d8e45f.js" async=""></script><script src="/_next/static/chunks/1684-23dc285c52887576.js" async=""></script><script src="/_next/static/chunks/main-app-15f8366be760b6fd.js" async=""></script><script src="/_next/static/chunks/6671-2c59fdb17d65f45d.js" async=""></script><script src="/_next/static/chunks/app/layout-c61016ad7b8a610f.js" async=""></script><script src="/_next/static/chunks/app/error-b72f84e42a584e31.js" async=""></script><script src="/_next/static/chunks/app/auth/custom/page-96d15ebe4a5fa9a3.js" async=""></script><script src="/_next/static/chunks/app/global-error-07379679dbd81aac.js" async=""></script><meta name="next-size-adjust" content=""><meta name="theme-color" content="#FF6B35"><title>KravyPOS — Smart Billing System</title><meta name="description" content="Modern point-of-sale and billing system for restaurants and retail"><meta name="application-name" content="KravyPOS"><meta name="mobile-web-app-capable" content="yes"><meta name="apple-mobile-web-app-title" content="KravyPOS"><meta name="apple-mobile-web-app-status-bar-style" content="default"><link rel="shortcut icon" href="/favicon.ico"><link rel="icon" href="/favicon.ico" type="image/x-icon" sizes="1024x1024"><link rel="icon" href="/favicon.ico"><link rel="apple-touch-icon" href="/favicon.ico"><script>document.querySelectorAll('body link[rel="icon"], body link[rel="apple-touch-icon"]').forEach(el => document.head.appendChild(el))</script><script src="/_next/static/chunks/polyfills-42372ed130431b0a.js" nomodule=""></script><style type="text/css">[data-sonner-toaster][dir=ltr],html[dir=ltr]{--toast-icon-margin-start:-3px;--toast-icon-margin-end:4px;--toast-svg-margin-start:-1px;--toast-svg-margin-end:0px;--toast-button-margin-start:auto;--toast-button-margin-end:0;--toast-close-button-start:0;--toast-close-button-end:unset;--toast-close-button-transform:translate(-35%, -35%)}[data-sonner-toaster][dir=rtl],html[dir=rtl]{--toast-icon-margin-start:4px;--toast-icon-margin-end:-3px;--toast-svg-margin-start:0px;--toast-svg-margin-end:-1px;--toast-button-margin-start:0;--toast-button-margin-end:auto;--toast-close-button-start:unset;--toast-close-button-end:0;--toast-close-button-transform:translate(35%, -35%)}[data-sonner-toaster]{position:fixed;width:var(--width);font-family:ui-sans-serif,system-ui,-apple-system,BlinkMacSystemFont,Segoe UI,Roboto,Helvetica Neue,Arial,Noto Sans,sans-serif,Apple Color Emoji,Segoe UI Emoji,Segoe UI Symbol,Noto Color Emoji;--gray1:hsl(0, 0%, 99%);--gray2:hsl(0, 0%, 97.3%);--gray3:hsl(0, 0%, 95.1%);--gray4:hsl(0, 0%, 93%);--gray5:hsl(0, 0%, 90.9%);--gray6:hsl(0, 0%, 88.7%);--gray7:hsl(0, 0%, 85.8%);--gray8:hsl(0, 0%, 78%);--gray9:hsl(0, 0%, 56.1%);--gray10:hsl(0, 0%, 52.3%);--gray11:hsl(0, 0%, 43.5%);--gray12:hsl(0, 0%, 9%);--border-radius:8px;box-sizing:border-box;padding:0;margin:0;list-style:none;outline:0;z-index:999999999;transition:transform .4s ease}@media (hover:none) and (pointer:coarse){[data-sonner-toaster][data-lifted=true]{transform:none}}[data-sonner-toaster][data-x-position=right]{right:var(--offset-right)}[data-sonner-toaster][data-x-position=left]{left:var(--offset-left)}[data-sonner-toaster][data-x-position=center]{left:50%;transform:translateX(-50%)}[data-sonner-toaster][data-y-position=top]{top:var(--offset-top)}[data-sonner-toaster][data-y-position=bottom]{bottom:var(--offset-bottom)}[data-sonner-toast]{--y:translateY(100%);--lift-amount:calc(var(--lift) * var(--gap));z-index:var(--z-index);position:absolute;opacity:0;transform:var(--y);touch-action:none;transition:transform .4s,opacity .4s,height .4s,box-shadow .2s;box-sizing:border-box;outline:0;overflow-wrap:anywhere}[data-sonner-toast][data-styled=true]{padding:16px;background:var(--normal-bg);border:1px solid var(--normal-border);color:var(--normal-text);border-radius:var(--border-radius);box-shadow:0 4px 12px rgba(0,0,0,.1);width:var(--width);font-size:13px;display:flex;align-items:center;gap:6px}[data-sonner-toast]:focus-visible{box-shadow:0 4px 12px rgba(0,0,0,.1),0 0 0 2px rgba(0,0,0,.2)}[data-sonner-toast][data-y-position=top]{top:0;--y:translateY(-100%);--lift:1;--lift-amount:calc(1 * var(--gap))}[data-sonner-toast][data-y-position=bottom]{bottom:0;--y:translateY(100%);--lift:-1;--lift-amount:calc(var(--lift) * var(--gap))}[data-sonner-toast][data-styled=true] [data-description]{font-weight:400;line-height:1.4;color:#3f3f3f}[data-rich-colors=true][data-sonner-toast][data-styled=true] [data-description]{color:inherit}[data-sonner-toaster][data-sonner-theme=dark] [data-description]{color:#e8e8e8}[data-sonner-toast][data-styled=true] [data-title]{font-weight:500;line-height:1.5;color:inherit}[data-sonner-toast][data-styled=true] [data-icon]{display:flex;height:16px;width:16px;position:relative;justify-content:flex-start;align-items:center;flex-shrink:0;margin-left:var(--toast-icon-margin-start);margin-right:var(--toast-icon-margin-end)}[data-sonner-toast][data-promise=true] [data-icon]>svg{opacity:0;transform:scale(.8);transform-origin:center;animation:sonner-fade-in .3s ease forwards}[data-sonner-toast][data-styled=true] [data-icon]>*{flex-shrink:0}[data-sonner-toast][data-styled=true] [data-icon] svg{margin-left:var(--toast-svg-margin-start);margin-right:var(--toast-svg-margin-end)}[data-sonner-toast][data-styled=true] [data-content]{display:flex;flex-direction:column;gap:2px}[data-sonner-toast][data-styled=true] [data-button]{border-radius:4px;padding-left:8px;padding-right:8px;height:24px;font-size:12px;color:var(--normal-bg);background:var(--normal-text);margin-left:var(--toast-button-margin-start);margin-right:var(--toast-button-margin-end);border:none;font-weight:500;cursor:pointer;outline:0;display:flex;align-items:center;flex-shrink:0;transition:opacity .4s,box-shadow .2s}[data-sonner-toast][data-styled=true] [data-button]:focus-visible{box-shadow:0 0 0 2px rgba(0,0,0,.4)}[data-sonner-toast][data-styled=true] [data-button]:first-of-type{margin-left:var(--toast-button-margin-start);margin-right:var(--toast-button-margin-end)}[data-sonner-toast][data-styled=true] [data-cancel]{color:var(--normal-text);background:rgba(0,0,0,.08)}[data-sonner-toaster][data-sonner-theme=dark] [data-sonner-toast][data-styled=true] [data-cancel]{background:rgba(255,255,255,.3)}[data-sonner-toast][data-styled=true] [data-close-button]{position:absolute;left:var(--toast-close-button-start);right:var(--toast-close-button-end);top:0;height:20px;width:20px;display:flex;justify-content:center;align-items:center;padding:0;color:var(--gray12);background:var(--normal-bg);border:1px solid var(--gray4);transform:var(--toast-close-button-transform);border-radius:50%;cursor:pointer;z-index:1;transition:opacity .1s,background .2s,border-color .2s}[data-sonner-toast][data-styled=true] [data-close-button]:focus-visible{box-shadow:0 4px 12px rgba(0,0,0,.1),0 0 0 2px rgba(0,0,0,.2)}[data-sonner-toast][data-styled=true] [data-disabled=true]{cursor:not-allowed}[data-sonner-toast][data-styled=true]:hover [data-close-button]:hover{background:var(--gray2);border-color:var(--gray5)}[data-sonner-toast][data-swiping=true]::before{content:'';position:absolute;left:-100%;right:-100%;height:100%;z-index:-1}[data-sonner-toast][data-y-position=top][data-swiping=true]::before{bottom:50%;transform:scaleY(3) translateY(50%)}[data-sonner-toast][data-y-position=bottom][data-swiping=true]::before{top:50%;transform:scaleY(3) translateY(-50%)}[data-sonner-toast][data-swiping=false][data-removed=true]::before{content:'';position:absolute;inset:0;transform:scaleY(2)}[data-sonner-toast][data-expanded=true]::after{content:'';position:absolute;left:0;height:calc(var(--gap) + 1px);bottom:100%;width:100%}[data-sonner-toast][data-mounted=true]{--y:translateY(0);opacity:1}[data-sonner-toast][data-expanded=false][data-front=false]{--scale:var(--toasts-before) * 0.05 + 1;--y:translateY(calc(var(--lift-amount) * var(--toasts-before))) scale(calc(-1 * var(--scale)));height:var(--front-toast-height)}[data-sonner-toast]>*{transition:opacity .4s}[data-sonner-toast][data-x-position=right]{right:0}[data-sonner-toast][data-x-position=left]{left:0}[data-sonner-toast][data-expanded=false][data-front=false][data-styled=true]>*{opacity:0}[data-sonner-toast][data-visible=false]{opacity:0;pointer-events:none}[data-sonner-toast][data-mounted=true][data-expanded=true]{--y:translateY(calc(var(--lift) * var(--offset)));height:var(--initial-height)}[data-sonner-toast][data-removed=true][data-front=true][data-swipe-out=false]{--y:translateY(calc(var(--lift) * -100%));opacity:0}[data-sonner-toast][data-removed=true][data-front=false][data-swipe-out=false][data-expanded=true]{--y:translateY(calc(var(--lift) * var(--offset) + var(--lift) * -100%));opacity:0}[data-sonner-toast][data-removed=true][data-front=false][data-swipe-out=false][data-expanded=false]{--y:translateY(40%);opacity:0;transition:transform .5s,opacity .2s}[data-sonner-toast][data-removed=true][data-front=false]::before{height:calc(var(--initial-height) + 20%)}[data-sonner-toast][data-swiping=true]{transform:var(--y) translateY(var(--swipe-amount-y,0)) translateX(var(--swipe-amount-x,0));transition:none}[data-sonner-toast][data-swiped=true]{user-select:none}[data-sonner-toast][data-swipe-out=true][data-y-position=bottom],[data-sonner-toast][data-swipe-out=true][data-y-position=top]{animation-duration:.2s;animation-timing-function:ease-out;animation-fill-mode:forwards}[data-sonner-toast][data-swipe-out=true][data-swipe-direction=left]{animation-name:swipe-out-left}[data-sonner-toast][data-swipe-out=true][data-swipe-direction=right]{animation-name:swipe-out-right}[data-sonner-toast][data-swipe-out=true][data-swipe-direction=up]{animation-name:swipe-out-up}[data-sonner-toast][data-swipe-out=true][data-swipe-direction=down]{animation-name:swipe-out-down}@keyframes swipe-out-left{from{transform:var(--y) translateX(var(--swipe-amount-x));opacity:1}to{transform:var(--y) translateX(calc(var(--swipe-amount-x) - 100%));opacity:0}}@keyframes swipe-out-right{from{transform:var(--y) translateX(var(--swipe-amount-x));opacity:1}to{transform:var(--y) translateX(calc(var(--swipe-amount-x) + 100%));opacity:0}}@keyframes swipe-out-up{from{transform:var(--y) translateY(var(--swipe-amount-y));opacity:1}to{transform:var(--y) translateY(calc(var(--swipe-amount-y) - 100%));opacity:0}}@keyframes swipe-out-down{from{transform:var(--y) translateY(var(--swipe-amount-y));opacity:1}to{transform:var(--y) translateY(calc(var(--swipe-amount-y) + 100%));opacity:0}}@media (max-width:600px){[data-sonner-toaster]{position:fixed;right:var(--mobile-offset-right);left:var(--mobile-offset-left);width:100%}[data-sonner-toaster][dir=rtl]{left:calc(var(--mobile-offset-left) * -1)}[data-sonner-toaster] [data-sonner-toast]{left:0;right:0;width:calc(100% - var(--mobile-offset-left) * 2)}[data-sonner-toaster][data-x-position=left]{left:var(--mobile-offset-left)}[data-sonner-toaster][data-y-position=bottom]{bottom:var(--mobile-offset-bottom)}[data-sonner-toaster][data-y-position=top]{top:var(--mobile-offset-top)}[data-sonner-toaster][data-x-position=center]{left:var(--mobile-offset-left);right:var(--mobile-offset-right);transform:none}}[data-sonner-toaster][data-sonner-theme=light]{--normal-bg:#fff;--normal-border:var(--gray4);--normal-text:var(--gray12);--success-bg:hsl(143, 85%, 96%);--success-border:hsl(145, 92%, 87%);--success-text:hsl(140, 100%, 27%);--info-bg:hsl(208, 100%, 97%);--info-border:hsl(221, 91%, 93%);--info-text:hsl(210, 92%, 45%);--warning-bg:hsl(49, 100%, 97%);--warning-border:hsl(49, 91%, 84%);--warning-text:hsl(31, 92%, 45%);--error-bg:hsl(359, 100%, 97%);--error-border:hsl(359, 100%, 94%);--error-text:hsl(360, 100%, 45%)}[data-sonner-toaster][data-sonner-theme=light] [data-sonner-toast][data-invert=true]{--normal-bg:#000;--normal-border:hsl(0, 0%, 20%);--normal-text:var(--gray1)}[data-sonner-toaster][data-sonner-theme=dark] [data-sonner-toast][data-invert=true]{--normal-bg:#fff;--normal-border:var(--gray3);--normal-text:var(--gray12)}[data-sonner-toaster][data-sonner-theme=dark]{--normal-bg:#000;--normal-bg-hover:hsl(0, 0%, 12%);--normal-border:hsl(0, 0%, 20%);--normal-border-hover:hsl(0, 0%, 25%);--normal-text:var(--gray1);--success-bg:hsl(150, 100%, 6%);--success-border:hsl(147, 100%, 12%);--success-text:hsl(150, 86%, 65%);--info-bg:hsl(215, 100%, 6%);--info-border:hsl(223, 43%, 17%);--info-text:hsl(216, 87%, 65%);--warning-bg:hsl(64, 100%, 6%);--warning-border:hsl(60, 100%, 9%);--warning-text:hsl(46, 87%, 65%);--error-bg:hsl(358, 76%, 10%);--error-border:hsl(357, 89%, 16%);--error-text:hsl(358, 100%, 81%)}[data-sonner-toaster][data-sonner-theme=dark] [data-sonner-toast] [data-close-button]{background:var(--normal-bg);border-color:var(--normal-border);color:var(--normal-text)}[data-sonner-toaster][data-sonner-theme=dark] [data-sonner-toast] [data-close-button]:hover{background:var(--normal-bg-hover);border-color:var(--normal-border-hover)}[data-rich-colors=true][data-sonner-toast][data-type=success]{background:var(--success-bg);border-color:var(--success-border);color:var(--success-text)}[data-rich-colors=true][data-sonner-toast][data-type=success] [data-close-button]{background:var(--success-bg);border-color:var(--success-border);color:var(--success-text)}[data-rich-colors=true][data-sonner-toast][data-type=info]{background:var(--info-bg);border-color:var(--info-border);color:var(--info-text)}[data-rich-colors=true][data-sonner-toast][data-type=info] [data-close-button]{background:var(--info-bg);border-color:var(--info-border);color:var(--info-text)}[data-rich-colors=true][data-sonner-toast][data-type=warning]{background:var(--warning-bg);border-color:var(--warning-border);color:var(--warning-text)}[data-rich-colors=true][data-sonner-toast][data-type=warning] [data-close-button]{background:var(--warning-bg);border-color:var(--warning-border);color:var(--warning-text)}[data-rich-colors=true][data-sonner-toast][data-type=error]{background:var(--error-bg);border-color:var(--error-border);color:var(--error-text)}[data-rich-colors=true][data-sonner-toast][data-type=error] [data-close-button]{background:var(--error-bg);border-color:var(--error-border);color:var(--error-text)}.sonner-loading-wrapper{--size:16px;height:var(--size);width:var(--size);position:absolute;inset:0;z-index:10}.sonner-loading-wrapper[data-visible=false]{transform-origin:center;animation:sonner-fade-out .2s ease forwards}.sonner-spinner{position:relative;top:50%;left:50%;height:var(--size);width:var(--size)}.sonner-loading-bar{animation:sonner-spin 1.2s linear infinite;background:var(--gray11);border-radius:6px;height:8%;left:-10%;position:absolute;top:-3.9%;width:24%}.sonner-loading-bar:first-child{animation-delay:-1.2s;transform:rotate(.0001deg) translate(146%)}.sonner-loading-bar:nth-child(2){animation-delay:-1.1s;transform:rotate(30deg) translate(146%)}.sonner-loading-bar:nth-child(3){animation-delay:-1s;transform:rotate(60deg) translate(146%)}.sonner-loading-bar:nth-child(4){animation-delay:-.9s;transform:rotate(90deg) translate(146%)}.sonner-loading-bar:nth-child(5){animation-delay:-.8s;transform:rotate(120deg) translate(146%)}.sonner-loading-bar:nth-child(6){animation-delay:-.7s;transform:rotate(150deg) translate(146%)}.sonner-loading-bar:nth-child(7){animation-delay:-.6s;transform:rotate(180deg) translate(146%)}.sonner-loading-bar:nth-child(8){animation-delay:-.5s;transform:rotate(210deg) translate(146%)}.sonner-loading-bar:nth-child(9){animation-delay:-.4s;transform:rotate(240deg) translate(146%)}.sonner-loading-bar:nth-child(10){animation-delay:-.3s;transform:rotate(270deg) translate(146%)}.sonner-loading-bar:nth-child(11){animation-delay:-.2s;transform:rotate(300deg) translate(146%)}.sonner-loading-bar:nth-child(12){animation-delay:-.1s;transform:rotate(330deg) translate(146%)}@keyframes sonner-fade-in{0%{opacity:0;transform:scale(.8)}100%{opacity:1;transform:scale(1)}}@keyframes sonner-fade-out{0%{opacity:1;transform:scale(1)}100%{opacity:0;transform:scale(.8)}}@keyframes sonner-spin{0%{opacity:1}100%{opacity:.15}}@media (prefers-reduced-motion){.sonner-loading-bar,[data-sonner-toast],[data-sonner-toast]>*{transition:none!important;animation:none!important}}.sonner-loader{position:absolute;top:50%;left:50%;transform:translate(-50%,-50%);transform-origin:center;transition:opacity .2s,transform .2s}.sonner-loader[data-visible=false]{opacity:0;transform:scale(.8) translate(-50%,-50%)}</style><style id="_goober"> @keyframes go2264125279{from{transform:scale(0) rotate(45deg);opacity:0;}to{transform:scale(1) rotate(45deg);opacity:1;}}@keyframes go3020080000{from{transform:scale(0);opacity:0;}to{transform:scale(1);opacity:1;}}@keyframes go463499852{from{transform:scale(0) rotate(90deg);opacity:0;}to{transform:scale(1) rotate(90deg);opacity:1;}}@keyframes go1268368563{from{transform:rotate(0deg);}to{transform:rotate(360deg);}}@keyframes go1310225428{from{transform:scale(0) rotate(45deg);opacity:0;}to{transform:scale(1) rotate(45deg);opacity:1;}}@keyframes go651618207{0%{height:0;width:0;opacity:0;}40%{height:0;width:6px;opacity:1;}100%{opacity:1;height:10px;}}@keyframes go901347462{from{transform:scale(0.6);opacity:0.4;}to{transform:scale(1);opacity:1;}}.go4109123758{z-index:9999;}.go4109123758 > *{pointer-events:auto;}</style></head><body class="h-full" style="font-family:var(--font-inter), system-ui, sans-serif"><div hidden=""><!--$--><!--/$--></div><div data-rht-toaster="" style="position:fixed;z-index:9999;top:16px;left:16px;right:16px;bottom:16px;pointer-events:none"></div><div class="min-h-screen bg-[#0a0a0a] flex items-center justify-center p-4 selection:bg-emerald-500/30"><div class="fixed top-0 left-0 w-full h-full overflow-hidden -z-10"><div class="absolute top-[-10%] left-[-10%] w-[40%] h-[40%] bg-emerald-500/10 blur-[120px] rounded-full animate-pulse"></div><div class="absolute bottom-[-10%] right-[-10%] w-[40%] h-[40%] bg-blue-500/10 blur-[120px] rounded-full"></div></div><div class="w-full max-w-md bg-white/5 backdrop-blur-xl border border-white/10 rounded-3xl p-8 shadow-2xl animate-in fade-in zoom-in duration-500"><div class="text-center mb-8"><div class="w-16 h-16 bg-emerald-500/10 rounded-2xl flex items-center justify-center mx-auto mb-4 border border-emerald-500/20"><svg xmlns="http://www.w3.org/2000/svg" width="32" height="32" viewBox="0 0 24 24" fill="none" stroke="currentColor" stroke-width="2" stroke-linecap="round" stroke-linejoin="round" class="lucide lucide-shield-check text-emerald-500" aria-hidden="true"><path d="M20 13c0 5-3.5 7.5-7.66 8.95a1 1 0 0 1-.67-.01C7.5 20.5 4 18 4 13V6a1 1 0 0 1 1-1c2 0 4.5-1.2 6.24-2.72a1.17 1.17 0 0 1 1.52 0C14.51 3.81 17 5 19 5a1 1 0 0 1 1 1z"></path><path d="m9 12 2 2 4-4"></path></svg></div><h1 class="text-3xl font-black text-white tracking-tight">Welcome Back</h1><p class="text-white/50 text-sm mt-2">Login to manage your business</p></div><form class="space-y-4"><div class="relative group animate-in slide-in-from-top-2"><svg xmlns="http://www.w3.org/2000/svg" width="18" height="18" viewBox="0 0 24 24" fill="none" stroke="currentColor" stroke-width="2" stroke-linecap="round" stroke-linejoin="round" class="lucide lucide-mail absolute left-4 top-1/2 -translate-y-1/2 text-white/30 group-focus-within:text-emerald-500 transition-colors" aria-hidden="true"><path d="m22 7-8.991 5.727a2 2 0 0 1-2.009 0L2 7"></path><rect x="2" y="4" width="20" height="16" rx="2"></rect></svg><input type="text" placeholder="Email or Phone Number" required="" class="w-full bg-white/5 border border-white/10 rounded-2xl py-4 pl-12 pr-4 text-white placeholder:text-white/20 focus:outline-none focus:border-emerald-500/50 focus:bg-white/10 transition-all" name="email" value=""></div><div class="relative group"><svg xmlns="http://www.w3.org/2000/svg" width="18" height="18" viewBox="0 0 24 24" fill="none" stroke="currentColor" stroke-width="2" stroke-linecap="round" stroke-linejoin="round" class="lucide lucide-lock absolute left-4 top-1/2 -translate-y-1/2 text-white/30 group-focus-within:text-emerald-500 transition-colors" aria-hidden="true"><rect width="18" height="11" x="3" y="11" rx="2" ry="2"></rect><path d="M7 11V7a5 5 0 0 1 10 0v4"></path></svg><input type="password" placeholder="Password" required="" class="w-full bg-white/5 border border-white/10 rounded-2xl py-4 pl-12 pr-12 text-white placeholder:text-white/20 focus:outline-none focus:border-emerald-500/50 focus:bg-white/10 transition-all" name="password" value=""><button type="button" class="absolute right-4 top-1/2 -translate-y-1/2 text-white/20 hover:text-white/60 transition-colors"><svg xmlns="http://www.w3.org/2000/svg" width="18" height="18" viewBox="0 0 24 24" fill="none" stroke="currentColor" stroke-width="2" stroke-linecap="round" stroke-linejoin="round" class="lucide lucide-eye" aria-hidden="true"><path d="M2.062 12.348a1 1 0 0 1 0-.696 10.75 10.75 0 0 1 19.876 0 1 1 0 0 1 0 .696 10.75 10.75 0 0 1-19.876 0"></path><circle cx="12" cy="12" r="3"></circle></svg></button></div><div class="flex justify-end px-1"><button type="button" class="text-xs font-bold text-white/30 hover:text-emerald-500 transition-colors uppercase tracking-widest">Forgot Password?</button></div><button type="submit" class="w-full bg-emerald-500 hover:bg-emerald-600 shadow-emerald-500/20 disabled:opacity-50 text-[#0a0a0a] font-bold py-4 rounded-2xl flex items-center justify-center gap-2 transition-all active:scale-[0.98] shadow-lg">Login<svg xmlns="http://www.w3.org/2000/svg" width="18" height="18" viewBox="0 0 24 24" fill="none" stroke="currentColor" stroke-width="2" stroke-linecap="round" stroke-linejoin="round" class="lucide lucide-arrow-right" aria-hidden="true"><path d="M5 12h14"></path><path d="m12 5 7 7-7 7"></path></svg></button><div class="mt-8 text-center text-sm"><p class="text-white/40 font-medium">Don't have an account?<!-- --> <button class="text-emerald-500 font-bold hover:underline ml-1">Sign Up</button></p></div><div class="mt-6 pt-6 border-t border-white/10 text-center"><p class="text-white/30 text-[10px] font-black uppercase tracking-widest mb-4">Need Help?</p><div class="flex flex-col gap-3"><a href="tel:+919403893991" class="flex items-center justify-center gap-2 text-white/50 hover:text-emerald-500 transition-colors text-xs font-bold bg-white/5 py-2 rounded-xl border border-white/5"><svg xmlns="http://www.w3.org/2000/svg" width="14" height="14" viewBox="0 0 24 24" fill="none" stroke="currentColor" stroke-width="2" stroke-linecap="round" stroke-linejoin="round" class="lucide lucide-phone" aria-hidden="true"><path d="M13.832 16.568a1 1 0 0 0 1.213-.303l.355-.465A2 2 0 0 1 17 15h3a2 2 0 0 1 2 2v3a2 2 0 0 1-2 2A18 18 0 0 1 2 4a2 2 0 0 1 2-2h3a2 2 0 0 1 2 2v3a2 2 0 0 1-.8 1.6l-.468.351a1 1 0 0 0-.292 1.233 14 14 0 0 0 6.392 6.384"></path></svg> Call Support: +91 9403893991</a><a href="https://wa.me/919289507882" target="_blank" rel="noopener noreferrer" class="flex items-center justify-center gap-2 text-white/50 hover:text-emerald-500 transition-colors text-xs font-bold bg-white/5 py-2 rounded-xl border border-white/5"><svg xmlns="http://www.w3.org/2000/svg" width="14" height="14" viewBox="0 0 24 24" fill="none" stroke="currentColor" stroke-width="2" stroke-linecap="round" stroke-linejoin="round" class="lucide lucide-message-square" aria-hidden="true"><path d="M22 17a2 2 0 0 1-2 2H6.828a2 2 0 0 0-1.414.586l-2.202 2.202A.71.71 0 0 1 2 21.286V5a2 2 0 0 1 2-2h16a2 2 0 0 1 2 2z"></path></svg> WhatsApp: +91 9289507882</a></div></div></form></div></div><!--$--><!--/$--><section aria-label="Notifications alt+T" tabindex="-1" aria-live="polite" aria-relevant="additions text" aria-atomic="false"></section><script src="/_next/static/chunks/webpack-6fc1f9282f6d0e53.js" async=""></script><script>(self.__next_f=self.__next_f||[]).push([0])</script><script>self.__next_f.push([1,"1:\"$Sreact.fragment\"\n2:I[29808,[\"4521\",\"static/chunks/4521-3ce0632c81905e73.js\",\"6671\",\"static/chunks/6671-2c59fdb17d65f45d.js\",\"7177\",\"static/chunks/app/layout-c61016ad7b8a610f.js\"],\"default\"]\n3:\"$Sreact.suspense\"\n4:I[16259,[\"4521\",\"static/chunks/4521-3ce0632c81905e73.js\",\"6671\",\"static/chunks/6671-2c59fdb17d65f45d.js\",\"7177\",\"static/chunks/app/layout-c61016ad7b8a610f.js\"],\"default\"]\n5:I[87555,[],\"\"]\n6:I[51901,[\"8039\",\"static/chunks/app/error-b72f84e42a584e31.js\"],\"default\"]\n7:I[31295,[],\"\"]\n8:I[56671,[\"4521\",\"static/chunks/4521-3ce0632c81905e73.js\",\"6671\",\"static/chunks/6671-2c59fdb17d65f45d.js\",\"7177\",\"static/chunks/app/layout-c61016ad7b8a610f.js\"],\"Toaster\"]\n9:I[90894,[],\"ClientPageRoot\"]\na:I[52252,[\"6671\",\"static/chunks/6671-2c59fdb17d65f45d.js\",\"8641\",\"static/chunks/app/auth/custom/page-96d15ebe4a5fa9a3.js\"],\"default\"]\nd:I[59665,[],\"OutletBoundary\"]\n10:I[74911,[],\"AsyncMetadataOutlet\"]\n12:I[59665,[],\"ViewportBoundary\"]\n14:I[59665,[],\"MetadataBoundary\"]\n16:I[98385,[\"4219\",\"static/chunks/app/global-error-07379679dbd81aac.js\"],\"default\"]\n:HL[\"/_next/static/media/e4af272ccee01ff0-s.p.woff2\",\"font\",{\"crossOrigin\":\"\",\"type\":\"font/woff2\"}]\n:HL[\"/_next/static/css/45079e0a57e524ee.css\",\"style\"]\n:HL[\"/_next/static/css/47f3de3c41ad536b.css\",\"style\"]\n"])</script><script>self.__next_f.push([1,"0:{\"P\":null,\"b\":\"bv6k3nqgPHGaVhEc5b7AN\",\"p\":\"\",\"c\":[\"\",\"auth\",\"custom\"],\"i\":false,\"f\":[[[\"\",{\"children\":[\"auth\",{\"children\":[\"custom\",{\"children\":[\"__PAGE__\",{}]}]}]},\"$undefined\",\"$undefined\",true],[\"\",[\"$\",\"$1\",\"c\",{\"children\":[[[\"$\",\"link\",\"0\",{\"rel\":\"stylesheet\",\"href\":\"/_next/static/css/45079e0a57e524ee.css\",\"precedence\":\"next\",\"crossOrigin\":\"$undefined\",\"nonce\":\"$undefined\"}],[\"$\",\"link\",\"1\",{\"rel\":\"stylesheet\",\"href\":\"/_next/static/css/47f3de3c41ad536b.css\",\"precedence\":\"next\",\"crossOrigin\":\"$undefined\",\"nonce\":\"$undefined\"}]],[\"$\",\"html\",null,{\"lang\":\"en\",\"className\":\"__variable_472ac2 h-full\",\"children\":[\"$\",\"body\",null,{\"className\":\"h-full\",\"style\":{\"fontFamily\":\"var(--font-inter), system-ui, sans-serif\"},\"children\":[\"$\",\"$L2\",null,{\"children\":[[\"$\",\"$3\",null,{\"fallback\":null,\"children\":[\"$\",\"$L4\",null,{}]}],[\"$\",\"$L5\",null,{\"parallelRouterKey\":\"children\",\"error\":\"$6\",\"errorStyles\":[],\"errorScripts\":[],\"template\":[\"$\",\"$L7\",null,{}],\"templateStyles\":\"$undefined\",\"templateScripts\":\"$undefined\",\"notFound\":[[[\"$\",\"title\",null,{\"children\":\"404: This page could not be found.\"}],[\"$\",\"div\",null,{\"style\":{\"fontFamily\":\"system-ui,\\\"Segoe UI\\\",Roboto,Helvetica,Arial,sans-serif,\\\"Apple Color Emoji\\\",\\\"Segoe UI Emoji\\\"\",\"height\":\"100vh\",\"textAlign\":\"center\",\"display\":\"flex\",\"flexDirection\":\"column\",\"alignItems\":\"center\",\"justifyContent\":\"center\"},\"children\":[\"$\",\"div\",null,{\"children\":[[\"$\",\"style\",null,{\"dangerouslySetInnerHTML\":{\"__html\":\"body{color:#000;background:#fff;margin:0}.next-error-h1{border-right:1px solid rgba(0,0,0,.3)}@media (prefers-color-scheme:dark){body{color:#fff;background:#000}.next-error-h1{border-right:1px solid rgba(255,255,255,.3)}}\"}}],[\"$\",\"h1\",null,{\"className\":\"next-error-h1\",\"style\":{\"display\":\"inline-block\",\"margin\":\"0 20px 0 0\",\"padding\":\"0 23px 0 0\",\"fontSize\":24,\"fontWeight\":500,\"verticalAlign\":\"top\",\"lineHeight\":\"49px\"},\"children\":404}],[\"$\",\"div\",null,{\"style\":{\"display\":\"inline-block\"},\"children\":[\"$\",\"h2\",null,{\"style\":{\"fontSize\":14,\"fontWeight\":400,\"lineHeight\":\"49px\",\"margin\":0},\"children\":\"This page could not be found.\"}]}]]}]}]],[]],\"forbidden\":\"$undefined\",\"unauthorized\":\"$undefined\"}],[\"$\",\"$L8\",null,{\"richColors\":true,\"position\":\"top-right\"}]]}]}]}]]}],{\"children\":[\"auth\",[\"$\",\"$1\",\"c\",{\"children\":[null,[\"$\",\"$L5\",null,{\"parallelRouterKey\":\"children\",\"error\":\"$undefined\",\"errorStyles\":\"$undefined\",\"errorScripts\":\"$undefined\",\"template\":[\"$\",\"$L7\",null,{}],\"templateStyles\":\"$undefined\",\"templateScripts\":\"$undefined\",\"notFound\":\"$undefined\",\"forbidden\":\"$undefined\",\"unauthorized\":\"$undefined\"}]]}],{\"children\":[\"custom\",[\"$\",\"$1\",\"c\",{\"children\":[null,[\"$\",\"$L5\",null,{\"parallelRouterKey\":\"children\",\"error\":\"$undefined\",\"errorStyles\":\"$undefined\",\"errorScripts\":\"$undefined\",\"template\":[\"$\",\"$L7\",null,{}],\"templateStyles\":\"$undefined\",\"templateScripts\":\"$undefined\",\"notFound\":\"$undefined\",\"forbidden\":\"$undefined\",\"unauthorized\":\"$undefined\"}]]}],{\"children\":[\"__PAGE__\",[\"$\",\"$1\",\"c\",{\"children\":[[\"$\",\"$L9\",null,{\"Component\":\"$a\",\"searchParams\":{},\"params\":{},\"promises\":[\"$@b\",\"$@c\"]}],null,[\"$\",\"$Ld\",null,{\"children\":[\"$Le\",\"$Lf\",[\"$\",\"$L10\",null,{\"promise\":\"$@11\"}]]}]]}],{},null,false]},null,false]},null,false]},null,false],[\"$\",\"$1\",\"h\",{\"children\":[null,[\"$\",\"$1\",\"YOZpYMDD63NEZfYj5Ow6bv\",{\"children\":[[\"$\",\"$L12\",null,{\"children\":\"$L13\"}],[\"$\",\"meta\",null,{\"name\":\"next-size-adjust\",\"content\":\"\"}]]}],[\"$\",\"$L14\",null,{\"children\":\"$L15\"}]]}],false]],\"m\":\"$undefined\",\"G\":[\"$16\",[]],\"s\":false,\"S\":true}\n"])</script><script>self.__next_f.push([1,"17:I[74911,[],\"AsyncMetadata\"]\nb:{}\nc:{}\n15:[\"$\",\"div\",null,{\"hidden\":true,\"children\":[\"$\",\"$3\",null,{\"fallback\":null,\"children\":[\"$\",\"$L17\",null,{\"promise\":\"$@18\"}]}]}]\n"])</script><script>self.__next_f.push([1,"f:null\n"])</script><script>self.__next_f.push([1,"13:[[\"$\",\"meta\",\"0\",{\"charSet\":\"utf-8\"}],[\"$\",\"meta\",\"1\",{\"name\":\"viewport\",\"content\":\"width=device-width, initial-scale=1\"}],[\"$\",\"meta\",\"2\",{\"name\":\"theme-color\",\"content\":\"#FF6B35\"}]]\ne:null\n"])</script><script>self.__next_f.push([1,"11:{\"metadata\":[[\"$\",\"title\",\"0\",{\"children\":\"KravyPOS — Smart Billing System\"}],[\"$\",\"meta\",\"1\",{\"name\":\"description\",\"content\":\"Modern point-of-sale and billing system for restaurants and retail\"}],[\"$\",\"meta\",\"2\",{\"name\":\"application-name\",\"content\":\"KravyPOS\"}],[\"$\",\"meta\",\"3\",{\"name\":\"mobile-web-app-capable\",\"content\":\"yes\"}],[\"$\",\"meta\",\"4\",{\"name\":\"apple-mobile-web-app-title\",\"content\":\"KravyPOS\"}],[\"$\",\"meta\",\"5\",{\"name\":\"apple-mobile-web-app-status-bar-style\",\"content\":\"default\"}],[\"$\",\"link\",\"6\",{\"rel\":\"shortcut icon\",\"href\":\"/favicon.ico\"}],[\"$\",\"link\",\"7\",{\"rel\":\"icon\",\"href\":\"/favicon.ico\",\"type\":\"image/x-icon\",\"sizes\":\"1024x1024\"}],[\"$\",\"link\",\"8\",{\"rel\":\"icon\",\"href\":\"/favicon.ico\"}],[\"$\",\"link\",\"9\",{\"rel\":\"apple-touch-icon\",\"href\":\"/favicon.ico\"}]],\"error\":null,\"digest\":\"$undefined\"}\n18:{\"metadata\":\"$11:metadata\",\"error\":null,\"digest\":\"$undefined\"}\n"])</script><next-route-announcer style="position: absolute;"></next-route-announcer></body></html>
Running iteration 3...
Navigating to page...
>> GET http://localhost:3001/dashboard/menu/view
>> GET http://localhost:3001/_next/static/media/e4af272ccee01ff0-s.p.woff2
>> GET http://localhost:3001/_next/static/css/45079e0a57e524ee.css
>> GET http://localhost:3001/_next/static/css/47f3de3c41ad536b.css
>> GET http://localhost:3001/_next/static/css/3af04494612e9fab.css
>> GET http://localhost:3001/_next/static/chunks/webpack-6fc1f9282f6d0e53.js
>> GET http://localhost:3001/_next/static/chunks/4bd1b696-e71b66d225d8e45f.js
>> GET http://localhost:3001/_next/static/chunks/1684-23dc285c52887576.js
>> GET http://localhost:3001/_next/static/chunks/main-app-15f8366be760b6fd.js
>> GET http://localhost:3001/_next/static/chunks/4521-3ce0632c81905e73.js
>> GET http://localhost:3001/_next/static/chunks/6671-2c59fdb17d65f45d.js
>> GET http://localhost:3001/_next/static/chunks/app/layout-c61016ad7b8a610f.js
>> GET http://localhost:3001/_next/static/chunks/app/error-b72f84e42a584e31.js
>> GET http://localhost:3001/_next/static/chunks/4493-56a77b934a3f9e02.js
>> GET http://localhost:3001/_next/static/chunks/5430-2533ed21105f9380.js
>> GET http://localhost:3001/_next/static/chunks/1906-df48f4ff2ab5abdc.js
>> GET http://localhost:3001/_next/static/chunks/6996-9eaff41893d9fabd.js
>> GET http://localhost:3001/_next/static/chunks/980-5d9864478dbc009e.js
>> GET http://localhost:3001/_next/static/chunks/2609-807dfa739acc9e04.js
>> GET http://localhost:3001/_next/static/chunks/app/dashboard/layout-f617e13a56e6a2df.js
>> GET http://localhost:3001/_next/static/chunks/2010-72b0f30111c46eb2.js
>> GET http://localhost:3001/_next/static/chunks/3063-204cbd4bc32934ab.js
>> GET http://localhost:3001/_next/static/chunks/4244-bf9ae61a055766c4.js
>> GET http://localhost:3001/_next/static/chunks/5059-26a1e9826782b476.js
>> GET http://localhost:3001/_next/static/chunks/app/dashboard/menu/view/page-a487cc39d78ee795.js
>> GET http://localhost:3001/_next/static/chunks/app/global-error-07379679dbd81aac.js
Waiting for list to render...
>> GET http://localhost:3001/api/user/me
>> GET http://localhost:3001/api/user/me
>> GET http://localhost:3001/api/notifications
>> GET http://localhost:3001/api/profile
>> GET http://localhost:3001/api/user/me
>> GET http://localhost:3001/api/profile
>> GET http://localhost:3001/api/menu-editor/addon-groups
>> GET http://localhost:3001/api/menu/view?t=1789452174179
[MOCK] Intercepted /api/menu/view
>> GET http://localhost:3001/api/categories?t=1789452174179
>> GET http://localhost:3001/api/profile/zones
>> GET http://localhost:3001/api/profile
>> GET http://localhost:3001/kravylogo.png
CONSOLE: Failed to load resource: the server responded with a status of 401 (Unauthorized)
CONSOLE ERROR: Failed to load resource: the server responded with a status of 401 (Unauthorized)
>> POST http://localhost:3001/api/auth/refresh-token
CONSOLE: Failed to load resource: the server responded with a status of 401 (Unauthorized)
CONSOLE ERROR: Failed to load resource: the server responded with a status of 401 (Unauthorized)
>> GET http://localhost:3001/_next/static/media/8e9860b6e62d6359-s.woff2
CONSOLE: [Auth] Custom token refresh failed (401): {"success":false,"message":"No refresh token provided"}
CONSOLE: [Auth] Custom token refresh failed (401): {"success":false,"message":"No refresh token provided"}
>> POST http://localhost:3001/api/staff/refresh-token
CONSOLE: Failed to load resource: the server responded with a status of 401 (Unauthorized)
CONSOLE ERROR: Failed to load resource: the server responded with a status of 401 (Unauthorized)
CONSOLE: [Auth] Staff token refresh failed (401): {"success":false,"message":"No refresh token provided"}
CONSOLE: [Auth] Staff token refresh failed (401): {"success":false,"message":"No refresh token provided"}
>> POST http://localhost:3001/api/auth/logout
>> GET http://localhost:3001/auth/custom?error=session_expired
>> GET http://localhost:3001/_next/static/media/e4af272ccee01ff0-s.p.woff2
>> GET http://localhost:3001/_next/static/css/45079e0a57e524ee.css
>> GET http://localhost:3001/_next/static/css/47f3de3c41ad536b.css
>> GET http://localhost:3001/_next/static/chunks/webpack-6fc1f9282f6d0e53.js
>> GET http://localhost:3001/_next/static/chunks/4bd1b696-e71b66d225d8e45f.js
>> GET http://localhost:3001/_next/static/chunks/1684-23dc285c52887576.js
>> GET http://localhost:3001/_next/static/chunks/main-app-15f8366be760b6fd.js
>> GET http://localhost:3001/_next/static/chunks/4521-3ce0632c81905e73.js
>> GET http://localhost:3001/_next/static/chunks/6671-2c59fdb17d65f45d.js
>> GET http://localhost:3001/_next/static/chunks/app/layout-c61016ad7b8a610f.js
>> GET http://localhost:3001/_next/static/chunks/app/error-b72f84e42a584e31.js
>> GET http://localhost:3001/_next/static/chunks/app/auth/custom/page-96d15ebe4a5fa9a3.js
>> GET http://localhost:3001/_next/static/chunks/app/global-error-07379679dbd81aac.js
Failed to render initial state.
<!DOCTYPE html><html lang="en" class="__variable_472ac2 h-full"><head><meta charset="utf-8"><meta name="viewport" content="width=device-width, initial-scale=1"><link rel="preload" href="/_next/static/media/e4af272ccee01ff0-s.p.woff2" as="font" crossorigin="" type="font/woff2"><link rel="stylesheet" href="/_next/static/css/45079e0a57e524ee.css" data-precedence="next"><link rel="stylesheet" href="/_next/static/css/47f3de3c41ad536b.css" data-precedence="next"><link rel="preload" as="script" fetchpriority="low" href="/_next/static/chunks/webpack-6fc1f9282f6d0e53.js"><script src="/_next/static/chunks/4bd1b696-e71b66d225d8e45f.js" async=""></script><script src="/_next/static/chunks/1684-23dc285c52887576.js" async=""></script><script src="/_next/static/chunks/main-app-15f8366be760b6fd.js" async=""></script><script src="/_next/static/chunks/6671-2c59fdb17d65f45d.js" async=""></script><script src="/_next/static/chunks/app/error-b72f84e42a584e31.js" async=""></script><meta name="next-size-adjust" content=""><meta name="theme-color" content="#FF6B35"><title>KravyPOS — Smart Billing System</title><meta name="description" content="Modern point-of-sale and billing system for restaurants and retail"><meta name="application-name" content="KravyPOS"><meta name="mobile-web-app-capable" content="yes"><meta name="apple-mobile-web-app-title" content="KravyPOS"><meta name="apple-mobile-web-app-status-bar-style" content="default"><link rel="shortcut icon" href="/favicon.ico"><link rel="icon" href="/favicon.ico" type="image/x-icon" sizes="1024x1024"><link rel="icon" href="/favicon.ico"><link rel="apple-touch-icon" href="/favicon.ico"><script>document.querySelectorAll('body link[rel="icon"], body link[rel="apple-touch-icon"]').forEach(el => document.head.appendChild(el))</script><script src="/_next/static/chunks/polyfills-42372ed130431b0a.js" nomodule=""></script><style type="text/css">[data-sonner-toaster][dir=ltr],html[dir=ltr]{--toast-icon-margin-start:-3px;--toast-icon-margin-end:4px;--toast-svg-margin-start:-1px;--toast-svg-margin-end:0px;--toast-button-margin-start:auto;--toast-button-margin-end:0;--toast-close-button-start:0;--toast-close-button-end:unset;--toast-close-button-transform:translate(-35%, -35%)}[data-sonner-toaster][dir=rtl],html[dir=rtl]{--toast-icon-margin-start:4px;--toast-icon-margin-end:-3px;--toast-svg-margin-start:0px;--toast-svg-margin-end:-1px;--toast-button-margin-start:0;--toast-button-margin-end:auto;--toast-close-button-start:unset;--toast-close-button-end:0;--toast-close-button-transform:translate(35%, -35%)}[data-sonner-toaster]{position:fixed;width:var(--width);font-family:ui-sans-serif,system-ui,-apple-system,BlinkMacSystemFont,Segoe UI,Roboto,Helvetica Neue,Arial,Noto Sans,sans-serif,Apple Color Emoji,Segoe UI Emoji,Segoe UI Symbol,Noto Color Emoji;--gray1:hsl(0, 0%, 99%);--gray2:hsl(0, 0%, 97.3%);--gray3:hsl(0, 0%, 95.1%);--gray4:hsl(0, 0%, 93%);--gray5:hsl(0, 0%, 90.9%);--gray6:hsl(0, 0%, 88.7%);--gray7:hsl(0, 0%, 85.8%);--gray8:hsl(0, 0%, 78%);--gray9:hsl(0, 0%, 56.1%);--gray10:hsl(0, 0%, 52.3%);--gray11:hsl(0, 0%, 43.5%);--gray12:hsl(0, 0%, 9%);--border-radius:8px;box-sizing:border-box;padding:0;margin:0;list-style:none;outline:0;z-index:999999999;transition:transform .4s ease}@media (hover:none) and (pointer:coarse){[data-sonner-toaster][data-lifted=true]{transform:none}}[data-sonner-toaster][data-x-position=right]{right:var(--offset-right)}[data-sonner-toaster][data-x-position=left]{left:var(--offset-left)}[data-sonner-toaster][data-x-position=center]{left:50%;transform:translateX(-50%)}[data-sonner-toaster][data-y-position=top]{top:var(--offset-top)}[data-sonner-toaster][data-y-position=bottom]{bottom:var(--offset-bottom)}[data-sonner-toast]{--y:translateY(100%);--lift-amount:calc(var(--lift) * var(--gap));z-index:var(--z-index);position:absolute;opacity:0;transform:var(--y);touch-action:none;transition:transform .4s,opacity .4s,height .4s,box-shadow .2s;box-sizing:border-box;outline:0;overflow-wrap:anywhere}[data-sonner-toast][data-styled=true]{padding:16px;background:var(--normal-bg);border:1px solid var(--normal-border);color:var(--normal-text);border-radius:var(--border-radius);box-shadow:0 4px 12px rgba(0,0,0,.1);width:var(--width);font-size:13px;display:flex;align-items:center;gap:6px}[data-sonner-toast]:focus-visible{box-shadow:0 4px 12px rgba(0,0,0,.1),0 0 0 2px rgba(0,0,0,.2)}[data-sonner-toast][data-y-position=top]{top:0;--y:translateY(-100%);--lift:1;--lift-amount:calc(1 * var(--gap))}[data-sonner-toast][data-y-position=bottom]{bottom:0;--y:translateY(100%);--lift:-1;--lift-amount:calc(var(--lift) * var(--gap))}[data-sonner-toast][data-styled=true] [data-description]{font-weight:400;line-height:1.4;color:#3f3f3f}[data-rich-colors=true][data-sonner-toast][data-styled=true] [data-description]{color:inherit}[data-sonner-toaster][data-sonner-theme=dark] [data-description]{color:#e8e8e8}[data-sonner-toast][data-styled=true] [data-title]{font-weight:500;line-height:1.5;color:inherit}[data-sonner-toast][data-styled=true] [data-icon]{display:flex;height:16px;width:16px;position:relative;justify-content:flex-start;align-items:center;flex-shrink:0;margin-left:var(--toast-icon-margin-start);margin-right:var(--toast-icon-margin-end)}[data-sonner-toast][data-promise=true] [data-icon]>svg{opacity:0;transform:scale(.8);transform-origin:center;animation:sonner-fade-in .3s ease forwards}[data-sonner-toast][data-styled=true] [data-icon]>*{flex-shrink:0}[data-sonner-toast][data-styled=true] [data-icon] svg{margin-left:var(--toast-svg-margin-start);margin-right:var(--toast-svg-margin-end)}[data-sonner-toast][data-styled=true] [data-content]{display:flex;flex-direction:column;gap:2px}[data-sonner-toast][data-styled=true] [data-button]{border-radius:4px;padding-left:8px;padding-right:8px;height:24px;font-size:12px;color:var(--normal-bg);background:var(--normal-text);margin-left:var(--toast-button-margin-start);margin-right:var(--toast-button-margin-end);border:none;font-weight:500;cursor:pointer;outline:0;display:flex;align-items:center;flex-shrink:0;transition:opacity .4s,box-shadow .2s}[data-sonner-toast][data-styled=true] [data-button]:focus-visible{box-shadow:0 0 0 2px rgba(0,0,0,.4)}[data-sonner-toast][data-styled=true] [data-button]:first-of-type{margin-left:var(--toast-button-margin-start);margin-right:var(--toast-button-margin-end)}[data-sonner-toast][data-styled=true] [data-cancel]{color:var(--normal-text);background:rgba(0,0,0,.08)}[data-sonner-toaster][data-sonner-theme=dark] [data-sonner-toast][data-styled=true] [data-cancel]{background:rgba(255,255,255,.3)}[data-sonner-toast][data-styled=true] [data-close-button]{position:absolute;left:var(--toast-close-button-start);right:var(--toast-close-button-end);top:0;height:20px;width:20px;display:flex;justify-content:center;align-items:center;padding:0;color:var(--gray12);background:var(--normal-bg);border:1px solid var(--gray4);transform:var(--toast-close-button-transform);border-radius:50%;cursor:pointer;z-index:1;transition:opacity .1s,background .2s,border-color .2s}[data-sonner-toast][data-styled=true] [data-close-button]:focus-visible{box-shadow:0 4px 12px rgba(0,0,0,.1),0 0 0 2px rgba(0,0,0,.2)}[data-sonner-toast][data-styled=true] [data-disabled=true]{cursor:not-allowed}[data-sonner-toast][data-styled=true]:hover [data-close-button]:hover{background:var(--gray2);border-color:var(--gray5)}[data-sonner-toast][data-swiping=true]::before{content:'';position:absolute;left:-100%;right:-100%;height:100%;z-index:-1}[data-sonner-toast][data-y-position=top][data-swiping=true]::before{bottom:50%;transform:scaleY(3) translateY(50%)}[data-sonner-toast][data-y-position=bottom][data-swiping=true]::before{top:50%;transform:scaleY(3) translateY(-50%)}[data-sonner-toast][data-swiping=false][data-removed=true]::before{content:'';position:absolute;inset:0;transform:scaleY(2)}[data-sonner-toast][data-expanded=true]::after{content:'';position:absolute;left:0;height:calc(var(--gap) + 1px);bottom:100%;width:100%}[data-sonner-toast][data-mounted=true]{--y:translateY(0);opacity:1}[data-sonner-toast][data-expanded=false][data-front=false]{--scale:var(--toasts-before) * 0.05 + 1;--y:translateY(calc(var(--lift-amount) * var(--toasts-before))) scale(calc(-1 * var(--scale)));height:var(--front-toast-height)}[data-sonner-toast]>*{transition:opacity .4s}[data-sonner-toast][data-x-position=right]{right:0}[data-sonner-toast][data-x-position=left]{left:0}[data-sonner-toast][data-expanded=false][data-front=false][data-styled=true]>*{opacity:0}[data-sonner-toast][data-visible=false]{opacity:0;pointer-events:none}[data-sonner-toast][data-mounted=true][data-expanded=true]{--y:translateY(calc(var(--lift) * var(--offset)));height:var(--initial-height)}[data-sonner-toast][data-removed=true][data-front=true][data-swipe-out=false]{--y:translateY(calc(var(--lift) * -100%));opacity:0}[data-sonner-toast][data-removed=true][data-front=false][data-swipe-out=false][data-expanded=true]{--y:translateY(calc(var(--lift) * var(--offset) + var(--lift) * -100%));opacity:0}[data-sonner-toast][data-removed=true][data-front=false][data-swipe-out=false][data-expanded=false]{--y:translateY(40%);opacity:0;transition:transform .5s,opacity .2s}[data-sonner-toast][data-removed=true][data-front=false]::before{height:calc(var(--initial-height) + 20%)}[data-sonner-toast][data-swiping=true]{transform:var(--y) translateY(var(--swipe-amount-y,0)) translateX(var(--swipe-amount-x,0));transition:none}[data-sonner-toast][data-swiped=true]{user-select:none}[data-sonner-toast][data-swipe-out=true][data-y-position=bottom],[data-sonner-toast][data-swipe-out=true][data-y-position=top]{animation-duration:.2s;animation-timing-function:ease-out;animation-fill-mode:forwards}[data-sonner-toast][data-swipe-out=true][data-swipe-direction=left]{animation-name:swipe-out-left}[data-sonner-toast][data-swipe-out=true][data-swipe-direction=right]{animation-name:swipe-out-right}[data-sonner-toast][data-swipe-out=true][data-swipe-direction=up]{animation-name:swipe-out-up}[data-sonner-toast][data-swipe-out=true][data-swipe-direction=down]{animation-name:swipe-out-down}@keyframes swipe-out-left{from{transform:var(--y) translateX(var(--swipe-amount-x));opacity:1}to{transform:var(--y) translateX(calc(var(--swipe-amount-x) - 100%));opacity:0}}@keyframes swipe-out-right{from{transform:var(--y) translateX(var(--swipe-amount-x));opacity:1}to{transform:var(--y) translateX(calc(var(--swipe-amount-x) + 100%));opacity:0}}@keyframes swipe-out-up{from{transform:var(--y) translateY(var(--swipe-amount-y));opacity:1}to{transform:var(--y) translateY(calc(var(--swipe-amount-y) - 100%));opacity:0}}@keyframes swipe-out-down{from{transform:var(--y) translateY(var(--swipe-amount-y));opacity:1}to{transform:var(--y) translateY(calc(var(--swipe-amount-y) + 100%));opacity:0}}@media (max-width:600px){[data-sonner-toaster]{position:fixed;right:var(--mobile-offset-right);left:var(--mobile-offset-left);width:100%}[data-sonner-toaster][dir=rtl]{left:calc(var(--mobile-offset-left) * -1)}[data-sonner-toaster] [data-sonner-toast]{left:0;right:0;width:calc(100% - var(--mobile-offset-left) * 2)}[data-sonner-toaster][data-x-position=left]{left:var(--mobile-offset-left)}[data-sonner-toaster][data-y-position=bottom]{bottom:var(--mobile-offset-bottom)}[data-sonner-toaster][data-y-position=top]{top:var(--mobile-offset-top)}[data-sonner-toaster][data-x-position=center]{left:var(--mobile-offset-left);right:var(--mobile-offset-right);transform:none}}[data-sonner-toaster][data-sonner-theme=light]{--normal-bg:#fff;--normal-border:var(--gray4);--normal-text:var(--gray12);--success-bg:hsl(143, 85%, 96%);--success-border:hsl(145, 92%, 87%);--success-text:hsl(140, 100%, 27%);--info-bg:hsl(208, 100%, 97%);--info-border:hsl(221, 91%, 93%);--info-text:hsl(210, 92%, 45%);--warning-bg:hsl(49, 100%, 97%);--warning-border:hsl(49, 91%, 84%);--warning-text:hsl(31, 92%, 45%);--error-bg:hsl(359, 100%, 97%);--error-border:hsl(359, 100%, 94%);--error-text:hsl(360, 100%, 45%)}[data-sonner-toaster][data-sonner-theme=light] [data-sonner-toast][data-invert=true]{--normal-bg:#000;--normal-border:hsl(0, 0%, 20%);--normal-text:var(--gray1)}[data-sonner-toaster][data-sonner-theme=dark] [data-sonner-toast][data-invert=true]{--normal-bg:#fff;--normal-border:var(--gray3);--normal-text:var(--gray12)}[data-sonner-toaster][data-sonner-theme=dark]{--normal-bg:#000;--normal-bg-hover:hsl(0, 0%, 12%);--normal-border:hsl(0, 0%, 20%);--normal-border-hover:hsl(0, 0%, 25%);--normal-text:var(--gray1);--success-bg:hsl(150, 100%, 6%);--success-border:hsl(147, 100%, 12%);--success-text:hsl(150, 86%, 65%);--info-bg:hsl(215, 100%, 6%);--info-border:hsl(223, 43%, 17%);--info-text:hsl(216, 87%, 65%);--warning-bg:hsl(64, 100%, 6%);--warning-border:hsl(60, 100%, 9%);--warning-text:hsl(46, 87%, 65%);--error-bg:hsl(358, 76%, 10%);--error-border:hsl(357, 89%, 16%);--error-text:hsl(358, 100%, 81%)}[data-sonner-toaster][data-sonner-theme=dark] [data-sonner-toast] [data-close-button]{background:var(--normal-bg);border-color:var(--normal-border);color:var(--normal-text)}[data-sonner-toaster][data-sonner-theme=dark] [data-sonner-toast] [data-close-button]:hover{background:var(--normal-bg-hover);border-color:var(--normal-border-hover)}[data-rich-colors=true][data-sonner-toast][data-type=success]{background:var(--success-bg);border-color:var(--success-border);color:var(--success-text)}[data-rich-colors=true][data-sonner-toast][data-type=success] [data-close-button]{background:var(--success-bg);border-color:var(--success-border);color:var(--success-text)}[data-rich-colors=true][data-sonner-toast][data-type=info]{background:var(--info-bg);border-color:var(--info-border);color:var(--info-text)}[data-rich-colors=true][data-sonner-toast][data-type=info] [data-close-button]{background:var(--info-bg);border-color:var(--info-border);color:var(--info-text)}[data-rich-colors=true][data-sonner-toast][data-type=warning]{background:var(--warning-bg);border-color:var(--warning-border);color:var(--warning-text)}[data-rich-colors=true][data-sonner-toast][data-type=warning] [data-close-button]{background:var(--warning-bg);border-color:var(--warning-border);color:var(--warning-text)}[data-rich-colors=true][data-sonner-toast][data-type=error]{background:var(--error-bg);border-color:var(--error-border);color:var(--error-text)}[data-rich-colors=true][data-sonner-toast][data-type=error] [data-close-button]{background:var(--error-bg);border-color:var(--error-border);color:var(--error-text)}.sonner-loading-wrapper{--size:16px;height:var(--size);width:var(--size);position:absolute;inset:0;z-index:10}.sonner-loading-wrapper[data-visible=false]{transform-origin:center;animation:sonner-fade-out .2s ease forwards}.sonner-spinner{position:relative;top:50%;left:50%;height:var(--size);width:var(--size)}.sonner-loading-bar{animation:sonner-spin 1.2s linear infinite;background:var(--gray11);border-radius:6px;height:8%;left:-10%;position:absolute;top:-3.9%;width:24%}.sonner-loading-bar:first-child{animation-delay:-1.2s;transform:rotate(.0001deg) translate(146%)}.sonner-loading-bar:nth-child(2){animation-delay:-1.1s;transform:rotate(30deg) translate(146%)}.sonner-loading-bar:nth-child(3){animation-delay:-1s;transform:rotate(60deg) translate(146%)}.sonner-loading-bar:nth-child(4){animation-delay:-.9s;transform:rotate(90deg) translate(146%)}.sonner-loading-bar:nth-child(5){animation-delay:-.8s;transform:rotate(120deg) translate(146%)}.sonner-loading-bar:nth-child(6){animation-delay:-.7s;transform:rotate(150deg) translate(146%)}.sonner-loading-bar:nth-child(7){animation-delay:-.6s;transform:rotate(180deg) translate(146%)}.sonner-loading-bar:nth-child(8){animation-delay:-.5s;transform:rotate(210deg) translate(146%)}.sonner-loading-bar:nth-child(9){animation-delay:-.4s;transform:rotate(240deg) translate(146%)}.sonner-loading-bar:nth-child(10){animation-delay:-.3s;transform:rotate(270deg) translate(146%)}.sonner-loading-bar:nth-child(11){animation-delay:-.2s;transform:rotate(300deg) translate(146%)}.sonner-loading-bar:nth-child(12){animation-delay:-.1s;transform:rotate(330deg) translate(146%)}@keyframes sonner-fade-in{0%{opacity:0;transform:scale(.8)}100%{opacity:1;transform:scale(1)}}@keyframes sonner-fade-out{0%{opacity:1;transform:scale(1)}100%{opacity:0;transform:scale(.8)}}@keyframes sonner-spin{0%{opacity:1}100%{opacity:.15}}@media (prefers-reduced-motion){.sonner-loading-bar,[data-sonner-toast],[data-sonner-toast]>*{transition:none!important;animation:none!important}}.sonner-loader{position:absolute;top:50%;left:50%;transform:translate(-50%,-50%);transform-origin:center;transition:opacity .2s,transform .2s}.sonner-loader[data-visible=false]{opacity:0;transform:scale(.8) translate(-50%,-50%)}</style><style id="_goober"> @keyframes go2264125279{from{transform:scale(0) rotate(45deg);opacity:0;}to{transform:scale(1) rotate(45deg);opacity:1;}}@keyframes go3020080000{from{transform:scale(0);opacity:0;}to{transform:scale(1);opacity:1;}}@keyframes go463499852{from{transform:scale(0) rotate(90deg);opacity:0;}to{transform:scale(1) rotate(90deg);opacity:1;}}@keyframes go1268368563{from{transform:rotate(0deg);}to{transform:rotate(360deg);}}@keyframes go1310225428{from{transform:scale(0) rotate(45deg);opacity:0;}to{transform:scale(1) rotate(45deg);opacity:1;}}@keyframes go651618207{0%{height:0;width:0;opacity:0;}40%{height:0;width:6px;opacity:1;}100%{opacity:1;height:10px;}}@keyframes go901347462{from{transform:scale(0.6);opacity:0.4;}to{transform:scale(1);opacity:1;}}.go4109123758{z-index:9999;}.go4109123758 > *{pointer-events:auto;}</style></head><body class="h-full" style="font-family:var(--font-inter), system-ui, sans-serif"><div hidden=""><!--$--><!--/$--></div><div data-rht-toaster="" style="position:fixed;z-index:9999;top:16px;left:16px;right:16px;bottom:16px;pointer-events:none"></div><div class="min-h-screen bg-[#0a0a0a] flex items-center justify-center p-4 selection:bg-emerald-500/30"><div class="fixed top-0 left-0 w-full h-full overflow-hidden -z-10"><div class="absolute top-[-10%] left-[-10%] w-[40%] h-[40%] bg-emerald-500/10 blur-[120px] rounded-full animate-pulse"></div><div class="absolute bottom-[-10%] right-[-10%] w-[40%] h-[40%] bg-blue-500/10 blur-[120px] rounded-full"></div></div><div class="w-full max-w-md bg-white/5 backdrop-blur-xl border border-white/10 rounded-3xl p-8 shadow-2xl animate-in fade-in zoom-in duration-500"><div class="text-center mb-8"><div class="w-16 h-16 bg-emerald-500/10 rounded-2xl flex items-center justify-center mx-auto mb-4 border border-emerald-500/20"><svg xmlns="http://www.w3.org/2000/svg" width="32" height="32" viewBox="0 0 24 24" fill="none" stroke="currentColor" stroke-width="2" stroke-linecap="round" stroke-linejoin="round" class="lucide lucide-shield-check text-emerald-500" aria-hidden="true"><path d="M20 13c0 5-3.5 7.5-7.66 8.95a1 1 0 0 1-.67-.01C7.5 20.5 4 18 4 13V6a1 1 0 0 1 1-1c2 0 4.5-1.2 6.24-2.72a1.17 1.17 0 0 1 1.52 0C14.51 3.81 17 5 19 5a1 1 0 0 1 1 1z"></path><path d="m9 12 2 2 4-4"></path></svg></div><h1 class="text-3xl font-black text-white tracking-tight">Welcome Back</h1><p class="text-white/50 text-sm mt-2">Login to manage your business</p></div><form class="space-y-4"><div class="relative group animate-in slide-in-from-top-2"><svg xmlns="http://www.w3.org/2000/svg" width="18" height="18" viewBox="0 0 24 24" fill="none" stroke="currentColor" stroke-width="2" stroke-linecap="round" stroke-linejoin="round" class="lucide lucide-mail absolute left-4 top-1/2 -translate-y-1/2 text-white/30 group-focus-within:text-emerald-500 transition-colors" aria-hidden="true"><path d="m22 7-8.991 5.727a2 2 0 0 1-2.009 0L2 7"></path><rect x="2" y="4" width="20" height="16" rx="2"></rect></svg><input type="text" placeholder="Email or Phone Number" required="" class="w-full bg-white/5 border border-white/10 rounded-2xl py-4 pl-12 pr-4 text-white placeholder:text-white/20 focus:outline-none focus:border-emerald-500/50 focus:bg-white/10 transition-all" name="email" value=""></div><div class="relative group"><svg xmlns="http://www.w3.org/2000/svg" width="18" height="18" viewBox="0 0 24 24" fill="none" stroke="currentColor" stroke-width="2" stroke-linecap="round" stroke-linejoin="round" class="lucide lucide-lock absolute left-4 top-1/2 -translate-y-1/2 text-white/30 group-focus-within:text-emerald-500 transition-colors" aria-hidden="true"><rect width="18" height="11" x="3" y="11" rx="2" ry="2"></rect><path d="M7 11V7a5 5 0 0 1 10 0v4"></path></svg><input type="password" placeholder="Password" required="" class="w-full bg-white/5 border border-white/10 rounded-2xl py-4 pl-12 pr-12 text-white placeholder:text-white/20 focus:outline-none focus:border-emerald-500/50 focus:bg-white/10 transition-all" name="password" value=""><button type="button" class="absolute right-4 top-1/2 -translate-y-1/2 text-white/20 hover:text-white/60 transition-colors"><svg xmlns="http://www.w3.org/2000/svg" width="18" height="18" viewBox="0 0 24 24" fill="none" stroke="currentColor" stroke-width="2" stroke-linecap="round" stroke-linejoin="round" class="lucide lucide-eye" aria-hidden="true"><path d="M2.062 12.348a1 1 0 0 1 0-.696 10.75 10.75 0 0 1 19.876 0 1 1 0 0 1 0 .696 10.75 10.75 0 0 1-19.876 0"></path><circle cx="12" cy="12" r="3"></circle></svg></button></div><div class="flex justify-end px-1"><button type="button" class="text-xs font-bold text-white/30 hover:text-emerald-500 transition-colors uppercase tracking-widest">Forgot Password?</button></div><button type="submit" class="w-full bg-emerald-500 hover:bg-emerald-600 shadow-emerald-500/20 disabled:opacity-50 text-[#0a0a0a] font-bold py-4 rounded-2xl flex items-center justify-center gap-2 transition-all active:scale-[0.98] shadow-lg">Login<svg xmlns="http://www.w3.org/2000/svg" width="18" height="18" viewBox="0 0 24 24" fill="none" stroke="currentColor" stroke-width="2" stroke-linecap="round" stroke-linejoin="round" class="lucide lucide-arrow-right" aria-hidden="true"><path d="M5 12h14"></path><path d="m12 5 7 7-7 7"></path></svg></button><div class="mt-8 text-center text-sm"><p class="text-white/40 font-medium">Don't have an account?<!-- --> <button class="text-emerald-500 font-bold hover:underline ml-1">Sign Up</button></p></div><div class="mt-6 pt-6 border-t border-white/10 text-center"><p class="text-white/30 text-[10px] font-black uppercase tracking-widest mb-4">Need Help?</p><div class="flex flex-col gap-3"><a href="tel:+919403893991" class="flex items-center justify-center gap-2 text-white/50 hover:text-emerald-500 transition-colors text-xs font-bold bg-white/5 py-2 rounded-xl border border-white/5"><svg xmlns="http://www.w3.org/2000/svg" width="14" height="14" viewBox="0 0 24 24" fill="none" stroke="currentColor" stroke-width="2" stroke-linecap="round" stroke-linejoin="round" class="lucide lucide-phone" aria-hidden="true"><path d="M13.832 16.568a1 1 0 0 0 1.213-.303l.355-.465A2 2 0 0 1 17 15h3a2 2 0 0 1 2 2v3a2 2 0 0 1-2 2A18 18 0 0 1 2 4a2 2 0 0 1 2-2h3a2 2 0 0 1 2 2v3a2 2 0 0 1-.8 1.6l-.468.351a1 1 0 0 0-.292 1.233 14 14 0 0 0 6.392 6.384"></path></svg> Call Support: +91 9403893991</a><a href="https://wa.me/919289507882" target="_blank" rel="noopener noreferrer" class="flex items-center justify-center gap-2 text-white/50 hover:text-emerald-500 transition-colors text-xs font-bold bg-white/5 py-2 rounded-xl border border-white/5"><svg xmlns="http://www.w3.org/2000/svg" width="14" height="14" viewBox="0 0 24 24" fill="none" stroke="currentColor" stroke-width="2" stroke-linecap="round" stroke-linejoin="round" class="lucide lucide-message-square" aria-hidden="true"><path d="M22 17a2 2 0 0 1-2 2H6.828a2 2 0 0 0-1.414.586l-2.202 2.202A.71.71 0 0 1 2 21.286V5a2 2 0 0 1 2-2h16a2 2 0 0 1 2 2z"></path></svg> WhatsApp: +91 9289507882</a></div></div></form></div></div><!--$--><!--/$--><section aria-label="Notifications alt+T" tabindex="-1" aria-live="polite" aria-relevant="additions text" aria-atomic="false"></section><script src="/_next/static/chunks/webpack-6fc1f9282f6d0e53.js" async=""></script><script>(self.__next_f=self.__next_f||[]).push([0])</script><script>self.__next_f.push([1,"1:\"$Sreact.fragment\"\n2:I[29808,[\"4521\",\"static/chunks/4521-3ce0632c81905e73.js\",\"6671\",\"static/chunks/6671-2c59fdb17d65f45d.js\",\"7177\",\"static/chunks/app/layout-c61016ad7b8a610f.js\"],\"default\"]\n3:\"$Sreact.suspense\"\n4:I[16259,[\"4521\",\"static/chunks/4521-3ce0632c81905e73.js\",\"6671\",\"static/chunks/6671-2c59fdb17d65f45d.js\",\"7177\",\"static/chunks/app/layout-c61016ad7b8a610f.js\"],\"default\"]\n5:I[87555,[],\"\"]\n6:I[51901,[\"8039\",\"static/chunks/app/error-b72f84e42a584e31.js\"],\"default\"]\n7:I[31295,[],\"\"]\n8:I[56671,[\"4521\",\"static/chunks/4521-3ce0632c81905e73.js\",\"6671\",\"static/chunks/6671-2c59fdb17d65f45d.js\",\"7177\",\"static/chunks/app/layout-c61016ad7b8a610f.js\"],\"Toaster\"]\n9:I[90894,[],\"ClientPageRoot\"]\na:I[52252,[\"6671\",\"static/chunks/6671-2c59fdb17d65f45d.js\",\"8641\",\"static/chunks/app/auth/custom/page-96d15ebe4a5fa9a3.js\"],\"default\"]\nd:I[59665,[],\"OutletBoundary\"]\n10:I[74911,[],\"AsyncMetadataOutlet\"]\n12:I[59665,[],\"ViewportBoundary\"]\n14:I[59665,[],\"MetadataBoundary\"]\n16:I[98385,[\"4219\",\"static/chunks/app/global-error-07379679dbd81aac.js\"],\"default\"]\n:HL[\"/_next/static/media/e4af272ccee01ff0-s.p.woff2\",\"font\",{\"crossOrigin\":\"\",\"type\":\"font/woff2\"}]\n:HL[\"/_next/static/css/45079e0a57e524ee.css\",\"style\"]\n:HL[\"/_next/static/css/47f3de3c41ad536b.css\",\"style\"]\n"])</script><script>self.__next_f.push([1,"0:{\"P\":null,\"b\":\"bv6k3nqgPHGaVhEc5b7AN\",\"p\":\"\",\"c\":[\"\",\"auth\",\"custom\"],\"i\":false,\"f\":[[[\"\",{\"children\":[\"auth\",{\"children\":[\"custom\",{\"children\":[\"__PAGE__\",{}]}]}]},\"$undefined\",\"$undefined\",true],[\"\",[\"$\",\"$1\",\"c\",{\"children\":[[[\"$\",\"link\",\"0\",{\"rel\":\"stylesheet\",\"href\":\"/_next/static/css/45079e0a57e524ee.css\",\"precedence\":\"next\",\"crossOrigin\":\"$undefined\",\"nonce\":\"$undefined\"}],[\"$\",\"link\",\"1\",{\"rel\":\"stylesheet\",\"href\":\"/_next/static/css/47f3de3c41ad536b.css\",\"precedence\":\"next\",\"crossOrigin\":\"$undefined\",\"nonce\":\"$undefined\"}]],[\"$\",\"html\",null,{\"lang\":\"en\",\"className\":\"__variable_472ac2 h-full\",\"children\":[\"$\",\"body\",null,{\"className\":\"h-full\",\"style\":{\"fontFamily\":\"var(--font-inter), system-ui, sans-serif\"},\"children\":[\"$\",\"$L2\",null,{\"children\":[[\"$\",\"$3\",null,{\"fallback\":null,\"children\":[\"$\",\"$L4\",null,{}]}],[\"$\",\"$L5\",null,{\"parallelRouterKey\":\"children\",\"error\":\"$6\",\"errorStyles\":[],\"errorScripts\":[],\"template\":[\"$\",\"$L7\",null,{}],\"templateStyles\":\"$undefined\",\"templateScripts\":\"$undefined\",\"notFound\":[[[\"$\",\"title\",null,{\"children\":\"404: This page could not be found.\"}],[\"$\",\"div\",null,{\"style\":{\"fontFamily\":\"system-ui,\\\"Segoe UI\\\",Roboto,Helvetica,Arial,sans-serif,\\\"Apple Color Emoji\\\",\\\"Segoe UI Emoji\\\"\",\"height\":\"100vh\",\"textAlign\":\"center\",\"display\":\"flex\",\"flexDirection\":\"column\",\"alignItems\":\"center\",\"justifyContent\":\"center\"},\"children\":[\"$\",\"div\",null,{\"children\":[[\"$\",\"style\",null,{\"dangerouslySetInnerHTML\":{\"__html\":\"body{color:#000;background:#fff;margin:0}.next-error-h1{border-right:1px solid rgba(0,0,0,.3)}@media (prefers-color-scheme:dark){body{color:#fff;background:#000}.next-error-h1{border-right:1px solid rgba(255,255,255,.3)}}\"}}],[\"$\",\"h1\",null,{\"className\":\"next-error-h1\",\"style\":{\"display\":\"inline-block\",\"margin\":\"0 20px 0 0\",\"padding\":\"0 23px 0 0\",\"fontSize\":24,\"fontWeight\":500,\"verticalAlign\":\"top\",\"lineHeight\":\"49px\"},\"children\":404}],[\"$\",\"div\",null,{\"style\":{\"display\":\"inline-block\"},\"children\":[\"$\",\"h2\",null,{\"style\":{\"fontSize\":14,\"fontWeight\":400,\"lineHeight\":\"49px\",\"margin\":0},\"children\":\"This page could not be found.\"}]}]]}]}]],[]],\"forbidden\":\"$undefined\",\"unauthorized\":\"$undefined\"}],[\"$\",\"$L8\",null,{\"richColors\":true,\"position\":\"top-right\"}]]}]}]}]]}],{\"children\":[\"auth\",[\"$\",\"$1\",\"c\",{\"children\":[null,[\"$\",\"$L5\",null,{\"parallelRouterKey\":\"children\",\"error\":\"$undefined\",\"errorStyles\":\"$undefined\",\"errorScripts\":\"$undefined\",\"template\":[\"$\",\"$L7\",null,{}],\"templateStyles\":\"$undefined\",\"templateScripts\":\"$undefined\",\"notFound\":\"$undefined\",\"forbidden\":\"$undefined\",\"unauthorized\":\"$undefined\"}]]}],{\"children\":[\"custom\",[\"$\",\"$1\",\"c\",{\"children\":[null,[\"$\",\"$L5\",null,{\"parallelRouterKey\":\"children\",\"error\":\"$undefined\",\"errorStyles\":\"$undefined\",\"errorScripts\":\"$undefined\",\"template\":[\"$\",\"$L7\",null,{}],\"templateStyles\":\"$undefined\",\"templateScripts\":\"$undefined\",\"notFound\":\"$undefined\",\"forbidden\":\"$undefined\",\"unauthorized\":\"$undefined\"}]]}],{\"children\":[\"__PAGE__\",[\"$\",\"$1\",\"c\",{\"children\":[[\"$\",\"$L9\",null,{\"Component\":\"$a\",\"searchParams\":{},\"params\":{},\"promises\":[\"$@b\",\"$@c\"]}],null,[\"$\",\"$Ld\",null,{\"children\":[\"$Le\",\"$Lf\",[\"$\",\"$L10\",null,{\"promise\":\"$@11\"}]]}]]}],{},null,false]},null,false]},null,false]},null,false],[\"$\",\"$1\",\"h\",{\"children\":[null,[\"$\",\"$1\",\"YOZpYMDD63NEZfYj5Ow6bv\",{\"children\":[[\"$\",\"$L12\",null,{\"children\":\"$L13\"}],[\"$\",\"meta\",null,{\"name\":\"next-size-adjust\",\"content\":\"\"}]]}],[\"$\",\"$L14\",null,{\"children\":\"$L15\"}]]}],false]],\"m\":\"$undefined\",\"G\":[\"$16\",[]],\"s\":false,\"S\":true}\n"])</script><script>self.__next_f.push([1,"17:I[74911,[],\"AsyncMetadata\"]\nb:{}\nc:{}\n15:[\"$\",\"div\",null,{\"hidden\":true,\"children\":[\"$\",\"$3\",null,{\"fallback\":null,\"children\":[\"$\",\"$L17\",null,{\"promise\":\"$@18\"}]}]}]\n"])</script><script>self.__next_f.push([1,"f:null\n"])</script><script>self.__next_f.push([1,"13:[[\"$\",\"meta\",\"0\",{\"charSet\":\"utf-8\"}],[\"$\",\"meta\",\"1\",{\"name\":\"viewport\",\"content\":\"width=device-width, initial-scale=1\"}],[\"$\",\"meta\",\"2\",{\"name\":\"theme-color\",\"content\":\"#FF6B35\"}]]\ne:null\n"])</script><script>self.__next_f.push([1,"11:{\"metadata\":[[\"$\",\"title\",\"0\",{\"children\":\"KravyPOS — Smart Billing System\"}],[\"$\",\"meta\",\"1\",{\"name\":\"description\",\"content\":\"Modern point-of-sale and billing system for restaurants and retail\"}],[\"$\",\"meta\",\"2\",{\"name\":\"application-name\",\"content\":\"KravyPOS\"}],[\"$\",\"meta\",\"3\",{\"name\":\"mobile-web-app-capable\",\"content\":\"yes\"}],[\"$\",\"meta\",\"4\",{\"name\":\"apple-mobile-web-app-title\",\"content\":\"KravyPOS\"}],[\"$\",\"meta\",\"5\",{\"name\":\"apple-mobile-web-app-status-bar-style\",\"content\":\"default\"}],[\"$\",\"link\",\"6\",{\"rel\":\"shortcut icon\",\"href\":\"/favicon.ico\"}],[\"$\",\"link\",\"7\",{\"rel\":\"icon\",\"href\":\"/favicon.ico\",\"type\":\"image/x-icon\",\"sizes\":\"1024x1024\"}],[\"$\",\"link\",\"8\",{\"rel\":\"icon\",\"href\":\"/favicon.ico\"}],[\"$\",\"link\",\"9\",{\"rel\":\"apple-touch-icon\",\"href\":\"/favicon.ico\"}]],\"error\":null,\"digest\":\"$undefined\"}\n18:{\"metadata\":\"$11:metadata\",\"error\":null,\"digest\":\"$undefined\"}\n"])</script><next-route-announcer style="position: absolute;"></next-route-announcer></body></html>
=== DONE ===

Killing Server...
Updated 3 paths from the index
Updated 3 paths from the index
=== ALL DONE ===
